ID,Cement,Blasr,FlyAsh,Water,Superplasticizer,CoarseAggregate,FineAggregate,Age,strength
,0.5758043482,0.7191829689,0.6156092223,0.2736362548,0.90791631,0.1300567878,0.2007349359,0.3170519542,0.6156092223
,0.5427435783,0.3486997331,0.5059903328,0.1621345669,0.8590031689,0.2231078044,0.890379359,0.0535610594,0.5059903328
,0.1392202743,0.9373899952,0.727468112,0.6057459717,0.815471982,0.1041188534,0.5504304243,0.9669795892,0.727468112
,0.794359855,0.859212557,0.1017560118,0.9216542951,0.8099811622,0.1198674073,0.6191506167,0.192216089,0.1017560118
,0.511520397,0.2411103739,0.9939244409,0.9453270311,0.4512761011,0.5538852218,0.1550750629,0.3627672195,0.9939244409
,0.1760932102,0.3094610246,0.6630110971,0.7476533244,0.1560048035,0.6814378549,0.6638002064,0.7118231712,0.6630110971
,0.257919841,0.3108996344,0.5402065445,0.7881260426,0.707678391,0.6660171154,0.2559846511,0.9708469714,0.5402065445
,0.7854556792,0.7473810814,0.7844470019,0.6984671725,0.9225404872,0.6054035048,0.1265516998,0.4372813887,0.7844470019
,0.3799990623,0.6572817424,0.2217258938,0.5898237291,0.2833089739,0.1523124017,0.507477129,0.5849790708,0.2217258938
,0.2837381392,0.9755942875,0.4369391743,0.08316379864,0.4472202103,0.2722410365,0.6728439493,0.1406350141,0.4369391743
,0.4400804608,0.3320355309,0.07939412583,0.1515656508,0.3588757618,0.06434412896,0.5059690101,0.7141523916,0.07939412583
,0.9496426743,0.8585183614,0.9277379831,0.4910808193,0.004672699683,0.2817623952,0.09115512139,0.1146715181,0.9277379831
,0.6705822286,0.7800545231,0.01221384298,0.3283309153,0.1047263443,0.4790147217,0.2782313573,0.8488482006,0.01221384298
,0.0396114315,0.194689635,0.5403701128,0.08032139076,0.2752316142,0.3902813064,0.0001067773966,0.2166088673,0.5403701128
,0.5903489432,0.2528061632,0.5966847033,0.6185805577,0.7677773845,0.9174952594,0.7098484652,0.5868001439,0.5966847033
,0.6748904462,0.05603579,0.9062628117,0.7567882306,0.3159836765,0.1530372982,0.7852117966,0.3815164914,0.9062628117
,0.679328165,0.6829179126,0.1668222909,0.3754705072,0.6964875183,0.8683393896,0.5673359435,0.5796889286,0.1668222909
,0.9874397609,0.1717586868,0.8782321425,0.2085139608,0.6159183407,0.1652663792,0.1481863791,0.5873407505,0.8782321425
,0.298784918,0.3858365398,0.08025200579,0.3871348431,0.9071054047,0.5284388289,0.5371385793,0.6831264464,0.08025200579
,0.001968599331,0.8039528771,0.7620853183,0.8839368195,0.9835846598,0.9043665267,0.2923287975,0.4072039486,0.7620853183
,0.913649583,0.9157384185,0.5767544861,0.2547777112,0.2789112334,0.02968153536,0.6314136961,0.3086986154,0.5767544861
,0.4723293176,0.2080999004,0.4012471421,0.6331905328,0.08678696109,0.7238120711,0.7373361471,0.9820823478,0.4012471421
,0.3439629133,0.9341073712,0.6656887826,0.7480640336,0.2189043777,0.4583168227,0.6255576779,0.5905015351,0.6656887826
,0.3118180574,0.5740272545,0.6882286968,0.2561246785,0.6474630964,0.8776454235,0.3422146555,0.03199187539,0.6882286968
,0.8579723391,0.04771226121,0.7659073767,0.3299517283,0.3575699095,0.9186295275,0.5491727239,0.6881590728,0.7659073767
,0.215048967,0.7285595731,0.4367293011,0.9292145131,0.5958729042,0.5752137313,0.1486501672,0.3622385499,0.4367293011
,0.3313790223,0.4070561514,0.1522420922,0.5569221019,0.1490521621,0.5599653467,0.9757915188,0.9992563874,0.1522420922
,0.8423109815,0.5735530305,0.2331490966,0.8972043766,0.9583361052,0.9138887836,0.7692238847,0.8508200681,0.2331490966
,0.8935432061,0.01755105794,0.7506340556,0.6116698794,0.9452188992,0.7406838513,0.1942526434,0.6888479754,0.7506340556
,0.4758797837,0.5027980353,0.3933588973,0.8175753231,0.2406318813,0.2192606934,0.9119428048,0.6832665048,0.3933588973
,0.7170093504,0.4663933544,0.1618907861,0.8967205109,0.4095355677,0.5053822652,0.7150902785,0.2514566656,0.1618907861
,0.2337097823,0.9557841566,0.6799194698,0.3119322639,0.4703149396,0.3660465064,0.2283374617,0.3635247911,0.6799194698
,0.1832692525,0.2929447027,0.5023859989,0.2890310552,0.9210823816,0.01073607231,0.8094929486,0.587906104,0.5023859989
,0.7832198473,0.9398026725,0.1398877369,0.1052373198,0.5679962169,0.2588999721,0.517369884,0.9272475036,0.1398877369
,0.1738755263,0.8858074453,0.3274042947,0.2541609486,0.7010047096,0.9554266365,0.4089891225,0.6384304611,0.3274042947
,0.5023303584,0.1954472262,0.6603350454,0.2904209255,0.06934054082,0.9425200176,0.7289731341,0.6422321874,0.6603350454
,0.8373542232,0.3540420267,0.4760336778,0.7677024801,0.7546384699,0.002628523382,0.1456059037,0.09466393254,0.4760336778
,0.3242041395,0.6522727665,0.4173046086,0.8331005993,0.4522794856,0.07887634258,0.5534704257,0.04684827308,0.4173046086
,0.8112305015,0.743302431,0.6504043968,0.6618456383,0.765814567,0.478043045,0.191263004,0.2930882109,0.6504043968
,0.1358611423,0.6760665802,0.8268465445,0.191623264,0.02073400809,0.4918226041,0.3175282468,0.3700254578,0.8268465445
,0.5241300924,0.6221340163,0.2496727735,0.1736017907,0.880615806,0.6779970441,0.8899315092,0.5449393615,0.2496727735
,0.8104191335,0.1486335648,0.3598081106,0.5559931835,0.8368709892,0.5235454649,0.6416915531,0.5365833583,0.3598081106
,0.1514850573,0.9932323127,0.8315842781,0.7325822254,0.8732077912,0.1230608154,0.6667974708,0.9029567566,0.8315842781
,0.3914835948,0.743831398,0.3241734054,0.5618967244,0.00533849758,0.3827724288,0.8538143729,0.1020520327,0.3241734054
,0.8828650085,0.6549207892,0.3109805353,0.3014536619,0.6652351152,0.2822329317,0.9673970879,0.521075569,0.3109805353
,0.9413624167,0.5153199172,0.572005254,0.6913096403,0.4186684369,0.9728775009,0.5485914421,0.5162359368,0.572005254
,0.009254215354,0.1871669672,0.9426226608,0.3292831773,0.1634882685,0.2071270968,0.8203769297,0.1934818612,0.9426226608
,0.3593860984,0.5344931744,0.8776435686,0.8792665578,0.143611103,0.7723013509,0.2845519281,0.1910563641,0.8776435686
,0.6314608821,0.2236876689,0.4206948208,0.8518188686,0.1507985926,0.2377824153,0.2459999784,0.5254962144,0.4206948208
,0.4916176703,0.300602999,0.2380745505,0.9793564104,0.03095619083,0.7752389016,0.1117982972,0.4739896566,0.2380745505
,0.4999095237,0.328544076,0.2829627027,0.7750920341,0.6969799761,0.3515894533,0.03646255402,0.198536127,0.2829627027
,0.9294578464,0.7752893494,0.5467529027,0.7423273293,0.9806572396,0.7844093027,0.118850094,0.003895180437,0.5467529027
,0.1418380316,0.7754120103,0.7855460963,0.5082004947,0.6065509302,0.7511348091,0.2230763028,0.4498129637,0.7855460963
,0.5447858178,0.5036156164,0.423201969,0.298659597,0.0009432947494,0.1488603741,0.214435946,0.1732689646,0.423201969
,0.331782009,0.6556325351,0.6445091032,0.0132518734,0.5662611637,0.1491521807,0.8008520114,0.7462031644,0.6445091032
,0.4678952808,0.5031467202,0.580131423,0.9447922181,0.7225820328,0.4489879546,0.9561054638,0.8339115142,0.580131423
,0.4794357091,0.7642671824,0.4809808162,0.957590779,0.3483055987,0.679733936,0.4063150242,0.53952791,0.4809808162
,0.4880334119,0.6083654213,0.06841943347,0.3734358318,0.1224339077,0.4109690061,0.9851097613,0.6774813207,0.06841943347
,0.3066673187,0.5506526663,0.4934287351,0.9748645387,0.03660923337,0.01188822908,0.7146837814,0.342789957,0.4934287351
,0.773147885,0.2234260426,0.352049657,0.5925198727,0.6756661382,0.168183824,0.9060105502,0.2861148421,0.352049657
,0.4706409073,0.4121855139,0.1782714956,0.3533291625,0.3176510955,0.678679211,0.3349209629,0.3561315706,0.1782714956
,0.06568971778,0.9824073706,0.1770448821,0.2981228709,0.09211024521,0.7343836351,0.6866789341,0.9907997072,0.1770448821
,0.567543557,0.7699688644,0.7706238499,0.6050710921,0.379786834,0.7736959895,0.1045690235,0.7366538389,0.7706238499
,0.737077144,0.4602272989,0.06079372126,0.7294191387,0.8447567386,0.490665563,0.5733711124,0.8779344943,0.06079372126
,0.2730908664,0.6270874783,0.2511180313,0.9584002052,0.5336210969,0.4644664923,0.5115263832,0.8839046846,0.2511180313
,0.06864415832,0.6834797618,0.3442439771,0.2853111402,0.3096661285,0.5659418155,0.3869244588,0.4508189587,0.3442439771
,0.5904190205,0.7810911211,0.1110790057,0.5343178507,0.8602450734,0.4845487227,0.7597041563,0.8858121886,0.1110790057
,0.0873956372,0.9197825933,0.7256821732,0.8419518115,0.9958966143,0.0806057448,0.9571892264,0.1578838993,0.7256821732
,0.1786766086,0.07007967027,0.7636011764,0.7903081178,0.7455337214,0.1941513052,0.9343956864,0.417990144,0.7636011764
,0.1083660755,0.7847915809,0.090803377,0.6186131833,0.8375370388,0.3694479962,0.4778546851,0.7403653097,0.090803377
,0.2189857965,0.1767914228,0.2871658447,0.2612542002,0.2205153539,0.5418916826,0.1676377997,0.8394363296,0.2871658447
,0.6314006643,0.6027214912,0.03219437348,0.1090245752,0.1805973213,0.9683828727,0.1339764032,0.7977940072,0.03219437348
,0.9777085875,0.7193690951,0.6743579662,0.01542181301,0.4252750468,0.4631994814,0.4321633332,0.2033087515,0.6743579662
,0.3901893189,0.7407807066,0.4280260612,0.4609533737,0.05523015121,0.4779023174,0.427773268,0.2109330651,0.4280260612
,0.1862622897,0.9149620285,0.5921232943,0.9374419678,0.9940059531,0.8562999709,0.05493614871,0.1732137374,0.5921232943
,0.5587106465,0.1590018321,0.7436240617,0.3548809204,0.7552955411,0.463954539,0.9595195199,0.8613436373,0.7436240617
,0.1550878235,0.7288371986,0.8311061291,0.6111929073,0.6406221322,0.2739237785,0.6097901136,0.9706510387,0.8311061291
,0.4600740224,0.0700461236,0.7027293067,0.9314550654,0.1262660651,0.5555896748,0.8113669022,0.1291687014,0.7027293067
,0.5566658279,0.504912465,0.6973122664,0.4114383832,0.04861558553,0.1440178924,0.06731051321,0.09219549951,0.6973122664
,0.5921583036,0.5810563091,0.72286819,0.3471744337,0.3094137902,0.5015477156,0.2313295299,0.7924357728,0.72286819
,0.4754588633,0.9231619408,0.9751524213,0.4289063659,0.3482713842,0.5187872726,0.9146184885,0.5367841457,0.9751524213
,0.5523789376,0.7307898357,0.04964655178,0.720548267,0.8225013473,0.4801794367,0.6679533961,0.4705165947,0.04964655178
,0.354964732,0.2266227023,0.2404782912,0.1009477098,0.9335209419,0.6782587737,0.04584213215,0.1321286451,0.2404782912
,0.1011904234,0.9762130608,0.08940554974,0.3607254411,0.6390804656,0.665758126,0.8057610759,0.6015383821,0.08940554974
,0.1442037356,0.9090716177,0.02727791725,0.2476315912,0.236058575,0.05898735057,0.1253530999,0.4996717583,0.02727791725
,0.4132472085,0.006486899545,0.7131042101,0.4631156975,0.521109021,0.3583063155,0.5866632821,0.9905875005,0.7131042101
,0.3253159793,0.02904012659,0.03213685231,0.5166196494,0.8641907233,0.9141513287,0.5717586552,0.5514061802,0.03213685231
,0.7110682239,0.6487069501,0.6742159054,0.799532731,0.9709461167,0.7243452781,0.05929900566,0.256429286,0.6742159054
,0.7047686096,0.5137594696,0.3844007661,0.7117995536,0.4284266128,0.3586171837,0.4544873144,0.7679119739,0.3844007661
,0.3150292768,0.5056348922,0.09066533078,0.1334410406,0.3037519944,0.8851726978,0.6097108822,0.5050047333,0.09066533078
,0.2841036274,0.9068280358,0.3033304567,0.8597048981,0.5371240227,0.3289772202,0.2617876951,0.01065001782,0.3033304567
,0.4538590275,0.05460476983,0.7293347522,0.1354328434,0.0516658915,0.161955386,0.8227650194,0.4058542739,0.7293347522
,0.1501984113,0.08668362242,0.8206747319,0.1903392654,0.1475178623,0.8583335434,0.4361425904,0.2152562015,0.8206747319
,0.4117370388,0.009317110204,0.5985019149,0.8634175385,0.04549208029,0.3495342912,0.08104361354,0.6024293463,0.5985019149
,0.8945501604,0.3020444979,0.8603877954,0.0581616724,0.4160061067,0.5898515388,0.6994326652,0.9855750194,0.8603877954
,0.1136540358,0.3697268301,0.7989348435,0.4813695019,0.4735016731,0.9716998453,0.5002064626,0.2804285452,0.7989348435
,0.387886323,0.1199218034,0.8571900956,0.5845645811,0.794338193,0.8398440811,0.8464826086,0.1465800112,0.8571900956
,0.6138431266,0.373946137,0.3615782373,0.8169216815,0.1827350737,0.2699996513,0.9475412606,0.4031605887,0.3615782373
,0.899080974,0.4180494536,0.3609495101,0.8919391471,0.6749201084,0.7752564896,0.8845870296,0.5511652373,0.3609495101
,0.1186429586,0.4311541455,0.7652705173,0.770556222,0.705128794,0.8179617064,0.5109862398,0.9246814484,0.7652705173
,0.2014292307,0.6549458936,0.1412007,0.9450107489,0.8802597747,0.4436581421,0.07280913003,0.5009345779,0.1412007
,0.7828100599,0.5139379202,0.2912976755,0.07845073963,0.4950204302,0.9268959239,0.7435697023,0.4571527278,0.2912976755
,0.8971800757,0.2675093963,0.1804069422,0.4880473945,0.621948129,0.8348457937,0.6747226423,0.7113259662,0.1804069422
,0.1266215503,0.6771686652,0.3455164902,0.7598852853,0.7391164388,0.6339987326,0.4641009201,0.8174651323,0.3455164902
,0.2021115765,0.05012679821,0.4588091601,0.4341769283,0.7987007079,0.7574299659,0.6101422336,0.8003151126,0.4588091601
,0.2615540831,0.6501984811,0.3290861902,0.9330692071,0.7247215251,0.9260225767,0.5570761963,0.4504857971,0.3290861902
,0.6519829035,0.8046889159,0.4990335355,0.4396554191,0.1579413189,0.7736953295,0.8754589507,0.3280586676,0.4990335355
,0.33820305,0.4184819917,0.7344776432,0.9167568194,0.0536827525,0.7618560124,0.5880121266,0.4350178065,0.7344776432
,0.9549243714,0.8834749719,0.4942998891,0.6926398358,0.5801389815,0.4908541775,0.7205326215,0.7795407156,0.4942998891
,0.5666186523,0.5151892127,0.5064552214,0.4274040299,0.1917305987,0.3964354222,0.6865463062,0.05827179741,0.5064552214
,0.6481098936,0.6142882585,0.3074712495,0.1208420808,0.6504326246,0.1926835018,0.4166393492,0.9278375718,0.3074712495
,0.5534504217,0.3253654382,0.6633422494,0.6830715321,0.7162088831,0.8797972014,0.8972837557,0.4017926289,0.6633422494
,0.500157589,0.05906767395,0.3448175413,0.03026042412,0.5206892941,0.6954575854,0.7405491927,0.4031475358,0.3448175413
,0.4711533446,0.05396822084,0.0004079583287,0.7078737772,0.7369600436,0.4839735893,0.4530255874,0.04467431425,0.0004079583287
,0.206252043,0.3449069086,0.001867137522,0.4297576716,0.5216124424,0.8059423321,0.4221122528,0.2302508728,0.001867137522
,0.06284089914,0.4108020955,0.8760958269,0.6384517978,0.9296289232,0.1939082156,0.3790757986,0.5587337422,0.8760958269
,0.8714878667,0.573309276,0.1008459908,0.07221418017,0.9152913257,0.2737633344,0.06633038148,0.5894554436,0.1008459908
,0.7048635486,0.3529894621,0.5476227233,0.3325327623,0.348999744,0.4555625443,0.7300413857,0.5671640241,0.5476227233
,0.8867783953,0.3847835479,0.1198379821,0.1978364247,0.8619818715,0.3893284396,0.9472336356,0.1551011266,0.1198379821
,0.6324202185,0.02904011719,0.9129084616,0.7068251938,0.1401953768,0.6957229963,0.1280527839,0.5570010576,0.9129084616
,0.9351159881,0.8786159469,0.5109512527,0.5413329775,0.06112829426,0.6521866955,0.4832826233,0.4199756658,0.5109512527
,0.08791758987,0.06457300248,0.4216673508,0.5468554371,0.6925278728,0.9763962666,0.1966435037,0.5923285129,0.4216673508
,0.185141561,0.1807825335,0.5545738957,0.8513328606,0.4877440156,0.2906204494,0.7176792018,0.3190429345,0.5545738957
,0.1056990256,0.4919331777,0.1337536849,0.7663255482,0.9862529166,0.706665661,0.8475233088,0.4572159992,0.1337536849
,0.94189112,0.3573117692,0.8635090546,0.753754251,0.2252149562,0.9656543404,0.2389556674,0.9140849428,0.8635090546
,0.1003669534,0.4748431248,0.6745693425,0.401482978,0.4650802027,0.9629222845,0.1049149057,0.3744994795,0.6745693425
,0.636117269,0.09866779484,0.2767745562,0.6038386717,0.06018876077,0.1526577483,0.3564736914,0.6314684734,0.2767745562
,0.5012891302,0.8322125662,0.1157121907,0.8320365578,0.8725356448,0.442799444,0.4676344463,0.2801201442,0.1157121907
,0.5954923235,0.08746843868,0.7386459745,0.1441311774,0.3921646868,0.419321811,0.08281837637,0.5943999338,0.7386459745
,0.6669571057,0.5865639536,0.4973865526,0.5713980813,0.06054141691,0.8491232718,0.4831867655,0.08615636985,0.4973865526
,0.4019197769,0.8135252921,0.1927441713,0.4945681906,0.1792722203,0.864892653,0.3332160087,0.5417346689,0.1927441713
,0.935472972,0.013343076,0.9138591269,0.3844235935,0.8031361382,0.9398173939,0.8082029198,0.5141099018,0.9138591269
,0.1946196412,0.8451159307,0.2103806218,0.7196654783,0.3239654007,0.1538970534,0.4156052556,0.05754245658,0.2103806218
,0.3092751946,0.1556844759,0.3639931416,0.8111901131,0.4132284903,0.1319097645,0.1698244855,0.9205103955,0.3639931416
,0.2209941901,0.9037653724,0.271854802,0.967084488,0.7512869045,0.9668364677,0.2102983842,0.7759579148,0.271854802
,0.2428443323,0.4998725984,0.1883289271,0.4133690588,0.2986772705,0.3784056701,0.2342725853,0.2384298899,0.1883289271
,0.5057811123,0.1436971244,0.4119592894,0.7689819771,0.7731644651,0.9459599275,0.7035983127,0.5979949183,0.4119592894
,0.7830025425,0.5315384794,0.08811671305,0.1500176667,0.1356957031,0.6835081149,0.8898349542,0.3118681569,0.08811671305
,0.2397939744,0.6004566577,0.4877197441,0.4067706412,0.4119640545,0.7786374518,0.6954888551,0.03148575626,0.4877197441
,0.8058545021,0.5601930106,0.8690970986,0.3385479162,0.7593505599,0.644055163,0.1167456692,0.7678782715,0.8690970986
,0.4656436138,0.06183421361,0.116638266,0.4223719882,0.5941830828,0.4233013307,0.4196548466,0.6095026814,0.116638266
,0.8776093324,0.4055267171,0.04573190809,0.1925711658,0.1463970741,0.5345488421,0.7476769477,0.3383198236,0.04573190809
,0.739109557,0.5158136708,0.4348021853,0.1227330415,0.3615454514,0.4295362825,0.5385657265,0.07078740552,0.4348021853
,0.8355426136,0.9753880063,0.8552132867,0.1514494843,0.5153678305,0.8430928641,0.618442902,0.5656977641,0.8552132867
,0.5980492352,0.6544206311,0.1316729418,0.7741906809,0.9945509037,0.1676875215,0.9729865619,0.008987877304,0.1316729418
,0.2091492782,0.1717426854,0.5932367765,0.2487831077,0.910100865,0.6411302652,0.01454069737,0.8839916791,0.5932367765
,0.09952229187,0.6404804098,0.7058163727,0.6709571473,0.6373063869,0.6942030793,0.4317643535,0.9738879195,0.7058163727
,0.1709245039,0.9733513055,0.2266661336,0.9026720606,0.0300054283,0.4781495256,0.8777057463,0.6058961468,0.2266661336
,0.1606812131,0.8797471601,0.8550311052,0.236200865,0.258672027,0.1135889592,0.3836410365,0.2921970554,0.8550311052
,0.5838829158,0.5453848589,0.1464080796,0.4652291944,0.1844581037,0.5524531345,0.9369943978,0.7445482214,0.1464080796
,0.5273154846,0.9588224086,0.2451621105,0.1704184322,0.6117074626,0.1299671852,0.7896150618,0.9696033336,0.2451621105
,0.5834601898,0.1966161091,0.5847542644,0.03018784672,0.2878034246,0.06147518698,0.05716142756,0.3945605361,0.5847542644
,0.5099962943,0.2068159618,0.3023567627,0.5924138015,0.9613035615,0.03129481401,0.8453318377,0.03831306656,0.3023567627
,0.8512779112,0.3709321246,0.4759522353,0.6751088152,0.7803850605,0.8926918983,0.4862787745,0.5598248096,0.4759522353
,0.08268208359,0.6847605921,0.9297657322,0.3624842605,0.3607981799,0.4347089967,0.5933232258,0.2707176043,0.9297657322
,0.5857142999,0.3453450923,0.4307850359,0.990095102,0.3116147657,0.1134602329,0.9645294445,0.4817997907,0.4307850359
,0.9904233517,0.3921924843,0.2759671804,0.8714856708,0.9662487849,0.6064678412,0.8017086361,0.7325189747,0.2759671804
,0.09950511125,0.1819414338,0.5225389434,0.3213885409,0.3019274709,0.1615885297,0.5036636384,0.2514163866,0.5225389434
,0.4163261718,0.3677497927,0.5710837048,0.6063250505,0.4976902368,0.2156910642,0.3881616358,0.6868739869,0.5710837048
,0.8497703462,0.8136875856,0.9431159943,0.210945258,0.007082350752,0.7564140823,0.03535617835,0.5117701531,0.9431159943
,0.8149608924,0.3346893546,0.1181750372,0.6419853562,0.3778366246,0.6955768193,0.7363544784,0.6710101123,0.1181750372
,0.5748699443,0.0479594819,0.4375246679,0.5391375739,0.1330319874,0.5428256637,0.577162892,0.5307437779,0.4375246679
,0.3285641387,0.9593257196,0.3806576812,0.7891863489,0.1098640052,0.473863424,0.0194156617,0.4813374251,0.3806576812
,0.5411541569,0.1582185424,0.1190007214,0.546053225,0.1317545355,0.4700993733,0.394321561,0.6678089318,0.1190007214
,0.9091885872,0.4288725096,0.667984288,0.6688579599,0.0785799459,0.7477767522,0.545742085,0.4522076572,0.667984288
,0.828688343,0.5614235061,0.6151435279,0.3082799698,0.08415816983,0.187555455,0.2085375745,0.02456398804,0.6151435279
,0.8167878036,0.3652143962,0.6964928999,0.2602555323,0.5767669364,0.06618557356,0.7832428188,0.9739162831,0.6964928999
,0.1679674517,0.6014316463,0.01039552445,0.1452687003,0.1284328608,0.02571497736,0.4822704185,0.7730220196,0.01039552445
,0.5393413922,0.4448249633,0.6232169491,0.04616565348,0.5459753561,0.1386893508,0.1270769275,0.1409354594,0.6232169491
,0.3109371429,0.4785582417,0.1977636895,0.5069325169,0.1009222676,0.8125314054,0.3968989946,0.6400863975,0.1977636895
,0.6726608925,0.03631792292,0.4286643046,0.3704905731,0.2756080405,0.2102659582,0.3533776088,0.7722153586,0.4286643046
,0.9326278401,0.9812669384,0.7018285492,0.008507476378,0.8484780218,0.158966011,0.3503777913,0.3037408047,0.7018285492
,0.7374769043,0.6617986204,0.4993852889,0.9416954376,0.2947272279,0.2601699317,0.6693996903,0.6190792848,0.4993852889
,0.9395791819,0.5331599827,0.9078772041,0.7081941989,0.2699716473,0.4181101501,0.6763574182,0.9608020185,0.9078772041
,0.9296773074,0.7739614259,0.2499378441,0.01816013344,0.5084476147,0.741127284,0.1229338646,0.2370245247,0.2499378441
,0.05505663665,0.6094108581,0.7536286832,0.4179114674,0.820683443,0.1805547411,0.1808664996,0.1640845704,0.7536286832
,0.0728999886,0.7773301562,0.7721321116,0.9532812969,0.537749562,0.6525289917,0.08651637469,0.9067554998,0.7721321116
,0.07778341431,0.2907906332,0.08881211219,0.6696967963,0.0340469161,0.4909613769,0.9000435981,0.7268284605,0.08881211219
,0.5447176342,0.1406059329,0.03082703517,0.7609778655,0.4026270969,0.3191635647,0.4726261492,0.8550302248,0.03082703517
,0.1113517726,0.3966146598,0.06525653589,0.9738265464,0.6949582425,0.4538713427,0.8954521179,0.2544349434,0.06525653589
,0.1988912336,0.001092107623,0.5918192185,0.7846958356,0.5001188919,0.2518097434,0.07426938456,0.3522743483,0.5918192185
,0.8483309448,0.6032877122,0.520725391,0.6654226173,0.04869587022,0.2096432955,0.6614645233,0.8100180814,0.520725391
,0.6239983552,0.676802078,0.398387917,0.5605963355,0.04927892653,0.1213630606,0.9425528056,0.6031699883,0.398387917
,0.1009272818,0.342534729,0.5011752855,0.08185802895,0.8074445284,0.4948589835,0.8581988888,0.6449488724,0.5011752855
,0.8274187353,0.7241960838,0.6668525558,0.5007247941,0.2547225494,0.9546058504,0.4123584153,0.5471902286,0.6668525558
,0.8053179958,0.2596293088,0.9192560236,0.103240118,0.4773622176,0.918272249,0.1865362094,0.5442727321,0.9192560236
,0.2743155864,0.5284805847,0.5841879194,0.07385836982,0.751101573,0.7246290675,0.344253343,0.1438325954,0.5841879194
,0.7177977119,0.07060637105,0.1656445219,0.4540832998,0.4748262669,0.3679727737,0.6687277184,0.5373073006,0.1656445219
,0.3518953673,0.2298593017,0.5265894829,0.01654471292,0.9766660665,0.1765364182,0.3623649939,0.6244898172,0.5265894829
,0.6678370926,0.8090754007,0.02128770418,0.2593038976,0.7295788959,0.4743350258,0.8157704704,0.8154533827,0.02128770418
,0.7747435629,0.08574478126,0.9192675816,0.5975874078,0.9507808392,0.9105377355,0.5030727663,0.788740072,0.9192675816
,0.1581294681,0.5152204759,0.913015151,0.4970719961,0.6304705215,0.0648477336,0.8747251667,0.1637169162,0.913015151
,0.2491766486,0.08029239383,0.3951824485,0.7157829955,0.1355745969,0.8978775941,0.3388304241,0.2434761308,0.3951824485
,0.09863856734,0.256140475,0.8155907214,0.4419102855,0.6987542195,0.01126262619,0.8259743124,0.9529684934,0.8155907214
,0.2219553445,0.8251515587,0.4325463228,0.3098301711,0.2053827313,0.9851307306,0.5679366995,0.6117293627,0.4325463228
,0.746377676,0.1389797794,0.5365496169,0.3626839323,0.7636739215,0.6587358995,0.1094602942,0.3317524469,0.5365496169
,0.6468771267,0.07736033239,0.3344703086,0.174646457,0.3607429557,0.8509838089,0.4491813445,0.05416491585,0.3344703086
,0.3828438791,0.3943338232,0.7856835021,0.4725955295,0.4515466649,0.1847048679,0.3144541659,0.1965699433,0.7856835021
,0.1040914395,0.7320371514,0.01400645805,0.3303485522,0.4597395453,0.9153477138,0.6664603617,0.8767856693,0.01400645805
,0.7062719605,0.1720701219,0.0914857566,0.9346859167,0.815670568,0.2279683491,0.6805238393,0.4769475788,0.0914857566
,0.04071600053,0.05101472122,0.1470366796,0.8962628044,0.5236595126,0.009013737535,0.01099331559,0.7670170645,0.1470366796
,0.3276033537,0.9567384769,0.9980738043,0.04120903252,0.06008193254,0.0935151345,0.1860997413,0.3370811357,0.9980738043
,0.4036096334,0.4577641639,0.5151226265,0.3467901229,0.8532956604,0.1354617214,0.1178854563,0.07756110071,0.5151226265
,0.540609621,0.3237890332,0.9770091792,0.1150482144,0.72219,0.8356430104,0.0002624127163,0.8321128447,0.9770091792
,0.08898528367,0.1796901783,0.7698127833,0.7298870438,0.9857494955,0.3841093456,0.7615273721,0.1305892275,0.7698127833
,0.7631612304,0.5163812468,0.4911104887,0.2543885119,0.8512738095,0.7822754587,0.9448547927,0.04872686643,0.4911104887
,0.8188070717,0.7388373451,0.976386576,0.1203495106,0.3700748266,0.2723885144,0.4446594392,0.3582457238,0.976386576
,0.7152605694,0.218032353,0.7269933171,0.4583519898,0.6722371185,0.2404344269,0.4563875579,0.6631787483,0.7269933171
,0.697367186,0.09080374933,0.5341095228,0.2638829577,0.9562531261,0.3355588366,0.17467053,0.1401918202,0.5341095228
,0.6791104054,0.1679793976,0.6979968859,0.5533106535,0.7742679934,0.5417615977,0.9959654458,0.443429896,0.6979968859
,0.526713967,0.5706549038,0.8954095592,0.09586550626,0.8103760876,0.2779980992,0.04554116226,0.9030409377,0.8954095592
,0.6679831321,0.4500472698,0.940812515,0.4810599881,0.8763983068,0.4948671118,0.3729979522,0.4559335885,0.940812515
,0.237209354,0.6271904887,0.7197216777,0.9393970933,0.4959752611,0.1246075867,0.09435576151,0.6649020475,0.7197216777
,0.2766906093,0.4650329105,0.5720871112,0.126784535,0.8575362056,0.1270689656,0.5140292928,0.4838845556,0.5720871112
,0.5868150593,0.1882334808,0.0789684235,0.5961823449,0.8255010616,0.5395654438,0.6089383183,0.04261743208,0.0789684235
,0.5815955899,0.6510178849,0.4232280337,0.8444717494,0.7053609291,0.1625893519,0.6077606277,0.4663444628,0.4232280337
,0.7140005361,0.8967547469,0.2887549952,0.9334008627,0.8872123129,0.3324633917,0.7812330719,0.3882872785,0.2887549952
,0.05880347428,0.8723632657,0.6734068503,0.9897021392,0.8414052452,0.5101900586,0.6242509138,0.09241306295,0.6734068503
,0.6055641907,0.05956447466,0.1584930544,0.6792350814,0.1132600575,0.4662542321,0.1547513781,0.3308234377,0.1584930544
,0.8737433236,0.2800571979,0.3962926783,0.07600623638,0.4704666698,0.5551296834,0.07025477009,0.1692216722,0.3962926783
,0.02017069716,0.04781129384,0.5490843471,0.005284383654,0.8684835376,0.9816757434,0.4508079322,0.5099514323,0.5490843471
,0.5139882872,0.1240830077,0.722410659,0.03455389965,0.02981393343,0.8746544147,0.6804431683,0.08655541191,0.722410659
,0.6459136815,0.8443300017,0.2908767852,0.6787032323,0.3222003737,0.8200359782,0.9963197017,0.6935411454,0.2908767852
,0.9619469613,0.03993744949,0.596415088,0.5530242612,0.8730010892,0.1513133476,0.02948948361,0.8558058611,0.596415088
,0.06747393242,0.1315359815,0.7678596051,0.4904427607,0.6047636297,0.7684511339,0.4564591501,0.05052573533,0.7678596051
,0.9789227702,0.3506131676,0.03030815527,0.5951637955,0.2068483266,0.2444125271,0.8031954402,0.4600390366,0.03030815527
,0.5740893493,0.6115271943,0.9151234319,0.7352086159,0.7564452121,0.6737043834,0.9111354921,0.9439725452,0.9151234319
,0.5628120243,0.8333983344,0.1761694615,0.1267237205,0.2475554696,0.2189616841,0.5053651242,0.9404283161,0.1761694615
,0.5990938078,0.4256410061,0.4322328677,0.4573042031,0.2297339207,0.7245998492,0.4396931271,0.8419819766,0.4322328677
,0.8860832626,0.6557481137,0.7748615092,0.3869933022,0.1091135914,0.4174654372,0.565263377,0.009219974105,0.7748615092
,0.08759880036,0.5441196678,0.6902276377,0.2549167531,0.6107267029,0.3366526136,0.3998117947,0.4947684314,0.6902276377
,0.5782261669,0.04113057658,0.5931326208,0.01071100943,0.1671792337,0.6086926469,0.3093549144,0.4397146717,0.5931326208
,0.8302449619,0.6998350551,0.9374892248,0.7210064928,0.3561398661,0.8826914911,0.03268728388,0.3681551887,0.9374892248
,0.8190193955,0.9859003158,0.306377287,0.1073086872,0.4342588224,0.7468120406,0.7786177253,0.8802820706,0.306377287
,0.5639689137,0.8871552983,0.9008183678,0.2060334426,0.1966424578,0.8908390479,0.09736085954,0.9772970982,0.9008183678
,0.5090650316,0.6105398785,0.08697494982,0.3996719442,0.7641743962,0.7335857203,0.413942022,0.5848731692,0.08697494982
,0.7584265411,0.1038237892,0.9720207569,0.9274365023,0.1036626784,0.1166307325,0.05462020488,0.5471198181,0.9720207569
,0.6072681055,0.6385408992,0.5406856431,0.4912019626,0.6989785327,0.7771064413,0.7487218197,0.2814269465,0.5406856431
,0.6089664742,0.01785998906,0.6844774896,0.4810717761,0.4463596616,0.1248749585,0.1791594693,0.7019823382,0.6844774896
,0.3183734205,0.9961545716,0.9212275801,0.7181365474,0.2502661165,0.8861698756,0.2883547523,0.6184278947,0.9212275801
,0.0206164426,0.6525519134,0.7640910096,0.2856052658,0.9407836302,0.2722460034,0.5934816696,0.3175714181,0.7640910096
,0.09625252711,0.6054834512,0.02422074567,0.2259002652,0.4365728348,0.8049879112,0.1164908192,0.3669814742,0.02422074567
,0.7660629063,0.2320370783,0.4082789396,0.2138966339,0.898936615,0.6434249976,0.9760485688,0.4610228675,0.4082789396
,0.7411838048,0.3880476268,0.2975928693,0.4276511641,0.5935162846,0.2756389816,0.6399003462,0.5113292549,0.2975928693
,0.5545780889,0.6710827359,0.65709559,0.7343385313,0.9779392164,0.9886181331,0.9090011837,0.5056240134,0.65709559
,0.2245818424,0.1390427359,0.4408859008,0.8259950549,0.2446557951,0.08436656041,0.5070186635,0.1567962954,0.4408859008
,0.2756629146,0.1506727173,0.401976323,0.9454374411,0.387126742,0.7621198526,0.9788341232,0.08593831368,0.401976323
,0.2070788382,0.9039017981,0.7383613414,0.942743425,0.1267298767,0.4933937226,0.6457058319,0.6146925597,0.7383613414
,0.04508393393,0.04295703037,0.1880318232,0.3810213136,0.2838365054,0.2407574336,0.7300284418,0.9064405981,0.1880318232
,0.6319876125,0.4652317412,0.1712076883,0.3661662278,0.05785947613,0.6450179017,0.6465406933,0.3045030379,0.1712076883
,0.04312381548,0.5539675145,0.04139972269,0.8805920217,0.7489749901,0.4749375643,0.9720272449,0.4272696489,0.04139972269
,0.8043009668,0.5033541127,0.7764428438,0.4218839296,0.02323682328,0.533954823,0.2489318655,0.1324872893,0.7764428438
,0.2032432334,0.6810678644,0.958148482,0.9456416932,0.3251175907,0.6078718253,0.2511450389,0.8168725098,0.958148482
,0.2057034944,0.4480438648,0.01135371787,0.8556730279,0.7283886461,0.5336597809,0.3952337832,0.5721437782,0.01135371787
,0.08885052894,0.9470853199,0.8680053528,0.1712280372,0.08871286296,0.3015181593,0.1899812257,0.02239472758,0.8680053528
,0.07065655322,0.3100145383,0.9927155586,0.009220414488,0.08081438951,0.01098749073,0.4265339412,0.7673192376,0.9927155586
,0.3382539802,0.3090337802,0.105254322,0.6826381566,0.7516326916,0.5888501557,0.9584817046,0.400790971,0.105254322
,0.7514147624,0.2324995916,0.3129084815,0.02032793869,0.5490395529,0.7212559583,0.2733378084,0.006381525077,0.3129084815
,0.7117590558,0.2527302062,0.02915451775,0.1963202399,0.4054024138,0.1861342141,0.1356538724,0.6598024488,0.02915451775
,0.8466577111,0.7970602474,0.7968410946,0.50617955,0.1031487408,0.814622547,0.5124022996,0.9510180229,0.7968410946
,0.4357818664,0.4037475158,0.1139220223,0.83606141,0.4654019525,0.9477187242,0.3336606027,0.258051818,0.1139220223
,0.3469748549,0.4615200832,0.6138725491,0.332865604,0.7488032824,0.9486099823,0.5317153486,0.04294579266,0.6138725491
,0.3991588219,0.7102330329,0.8285809595,0.1901456569,0.7954757855,0.8280471563,0.04304393966,0.3343018127,0.8285809595
,0.9702904036,0.9065659062,0.8603902917,0.4491024055,0.3606163997,0.1564545926,0.6802204741,0.7250631365,0.8603902917
,0.05580211039,0.006223565462,0.03283191365,0.1103202594,0.2209157082,0.07671102072,0.4974780052,0.4010426863,0.03283191365
,0.9029059419,0.5728223893,0.2971705958,0.3015638605,0.2304325612,0.4043844437,0.6353498757,0.09116259971,0.2971705958
,0.1616124697,0.3391493355,0.5876387963,0.2930909828,0.9167617681,0.8747378324,0.8989200407,0.7175251629,0.5876387963
,0.2304922965,0.6307375792,0.7800684813,0.1598994136,0.1482993176,0.7425434654,0.5546397035,0.5829516467,0.7800684813
,0.8051224869,0.05806199031,0.907757684,0.9092886962,0.9077442053,0.7132243391,0.9613872244,0.5195191255,0.907757684
,0.01327163416,0.9369146727,0.9350238216,0.2896693948,0.9023584633,0.3454999405,0.1894140999,0.5693634713,0.9350238216
,0.4605889521,0.1974404074,0.3353058878,0.167009209,0.9767862146,0.3050069271,0.4677818947,0.2417173847,0.3353058878
,0.727869831,0.8849755576,0.3740250552,0.5212812224,0.3390305975,0.7024400126,0.6273745724,0.4274312734,0.3740250552
,0.9259389925,0.9647926615,0.3842039865,0.2108087353,0.1634969595,0.03931878523,0.8550379239,0.9349443986,0.3842039865
,0.333829433,0.1959016479,0.7558628042,0.4946258573,0.8841011801,0.5794393878,0.8424249355,0.874663561,0.7558628042
,0.2297341263,0.1301302657,0.0685501233,0.7281960507,0.177078494,0.06819871929,0.8860627954,0.2121858557,0.0685501233
,0.6163782697,0.6481998281,0.995677426,0.006442577078,0.05289990805,0.8837026074,0.7065826774,0.2300926659,0.995677426
,0.6716582406,0.2250580873,0.9854640789,0.901632272,0.05599324409,0.2285477648,0.2920721199,0.009805426329,0.9854640789
,0.471441281,0.1051941156,0.1050272868,0.1662974962,0.6348270567,0.1313026929,0.5496322738,0.3770443195,0.1050272868
,0.6673406201,0.7639007611,0.4545492678,0.3059385282,0.3079114653,0.6288101314,0.1074036707,0.02491873038,0.4545492678
,0.1186350755,0.3351291109,0.3871742591,0.8651455781,0.132030969,0.196566701,0.02339954909,0.009134976494,0.3871742591
,0.6148535504,0.1960392043,0.5298724994,0.1996019657,0.2580750597,0.8847915314,0.9240737726,0.985385068,0.5298724994
,0.7095408508,0.4663485962,0.8613192131,0.687326908,0.6689618559,0.4155277943,0.7721733007,0.2278709201,0.8613192131
,0.4981064879,0.1564079038,0.8823877414,0.6332218455,0.04434788476,0.4925038571,0.7903985364,0.5707620334,0.8823877414
,0.7202310849,0.1982123279,0.8885688359,0.333970156,0.02057635881,0.8623741768,0.8587571055,0.3631894251,0.8885688359
,0.8496044605,0.3907233796,0.5152871924,0.4353798891,0.4168140346,0.5413983755,0.2140129893,0.2732285628,0.5152871924
,0.8290265407,0.3691465516,0.518546484,0.7764602176,0.9807778545,0.8230142476,0.723655802,0.5669207909,0.518546484
,0.266530075,0.7561728886,0.7142361536,0.5185626338,0.4446611769,0.06005307319,0.1235318368,0.2561786292,0.7142361536
,0.5548499975,0.233669836,0.2689683958,0.2980693205,0.9047572319,0.682065154,0.6366222998,0.01490575602,0.2689683958
,0.2116021926,0.1215593784,0.06934120201,0.9552898511,0.2909345479,0.4563202765,0.5357219353,0.1210504116,0.06934120201
,0.8122690438,0.9346547016,0.04451414002,0.8071194186,0.6016303101,0.8189554099,0.6557171387,0.5996942413,0.04451414002
,0.9322964023,0.16972108,0.4346527617,0.8340703147,0.1961441275,0.2700023535,0.5790988094,0.7629950236,0.4346527617
,0.1922019314,0.586608175,0.05237031961,0.9850869718,0.5664088821,0.7974801174,0.3565503424,0.6275764119,0.05237031961
,0.1442864724,0.817739043,0.2407640649,0.2398475616,0.6960954327,0.3500637012,0.8748847181,0.3130848837,0.2407640649
,0.3399935161,0.06839166401,0.6894910018,0.05869546535,0.8590268056,0.4250063264,0.3977385458,0.9982238988,0.6894910018
,0.5897680146,0.6672130918,0.1515285337,0.5847204062,0.2910141686,0.4488376462,0.6787192465,0.7056750695,0.1515285337
,0.3347215914,0.8144315941,0.9735921074,0.01896661059,0.3458754398,0.8684153164,0.008954351551,0.5613941775,0.9735921074
,0.68791218,0.9497914635,0.9900789406,0.5093103278,0.3572425531,0.4881578949,0.669718506,0.1478920264,0.9900789406
,0.7066157349,0.3938580738,0.6319993296,0.6369824738,0.895970499,0.3314840326,0.9332765741,0.1537945447,0.6319993296
,0.5292011459,0.3861320956,0.5633301242,0.2974568194,0.0465694732,0.5892158068,0.5376268283,0.7245418945,0.5633301242
,0.316677655,0.5757799611,0.1186467452,0.5021997536,0.8962302609,0.1323200597,0.2307515418,0.2330088872,0.1186467452
,0.2608261105,0.1953696771,0.2272408097,0.1080857377,0.4205656797,0.6084766294,0.1859689267,0.3633882103,0.2272408097
,0.08918268601,0.5415707773,0.7218462256,0.8128675386,0.8420261644,0.8511178191,0.7069073433,0.9789310539,0.7218462256
,0.09656600833,0.8146617723,0.07467852927,0.7861229051,0.708944867,0.9223121865,0.2332352466,0.2770027507,0.07467852927
,0.7807847806,0.3639814719,0.3791103321,0.7296325704,0.04068096406,0.4512194559,0.9170535763,0.3328694851,0.3791103321
,0.4383686611,0.2740563713,0.6392878789,0.8240971615,0.6246625859,0.6361319308,0.7710375268,0.9493783705,0.6392878789
,0.008387793498,0.3173743512,0.6086345145,0.634836821,0.7043161479,0.4854369053,0.610060856,0.2187061476,0.6086345145
,0.8918574488,0.3522100416,0.215933286,0.509353856,0.2987626829,0.1396021176,0.9155532391,0.4562138537,0.215933286
,0.4826051137,0.7995157479,0.08147489059,0.665270225,0.01865110254,0.181891779,0.8063267104,0.3394076949,0.08147489059
,0.8146960732,0.7667093033,0.8528366188,0.007210754103,0.9713340941,0.9147909286,0.3760051482,0.9021249439,0.8528366188
,0.3172019235,0.9661857566,0.2285626388,0.8710531793,0.5671603547,0.02820376477,0.193056641,0.5878666837,0.2285626388
,0.77254045,0.5541031766,0.9023351755,0.2434456949,0.8696682009,0.952400596,0.04284094217,0.5777554774,0.9023351755
,0.8419713593,0.7352411613,0.0401738056,0.4355884631,0.7234132254,0.5305247515,0.2019549437,0.5474397507,0.0401738056
,0.2564535425,0.2163135475,0.6842585281,0.9025874327,0.1710039334,0.813150134,0.8720096677,0.9334961966,0.6842585281
,0.1434806753,0.7834610238,0.9631426274,0.6307066511,0.05333321569,0.8773710118,0.5929336269,0.5004707569,0.9631426274
,0.8992824189,0.07079652513,0.3543934815,0.6408493113,0.9571851544,0.8542417992,0.1854701633,0.02976986437,0.3543934815
,0.6233592498,0.01114787033,0.8269128385,0.8086819625,0.1952809504,0.9720205481,0.9823974884,0.2002339101,0.8269128385
,0.4246107042,0.8825019237,0.8446347438,0.01033056001,0.166077694,0.03893389801,0.9188821965,0.9489941911,0.8446347438
,0.8974801257,0.7065557527,0.780535015,0.4020335973,0.2079173515,0.5678607094,0.9528013461,0.7026745333,0.780535015
,0.6753823939,0.2890168577,0.6935861218,0.4373202295,0.6955218154,0.9716879987,0.494271585,0.9806481122,0.6935861218
,0.9835816922,0.1221556107,0.7491354344,0.9381500267,0.6392503474,0.3268142818,0.8851394208,0.2805103035,0.7491354344
,0.3519052123,0.6908510419,0.4870920087,0.5220577339,0.6576252751,0.8101671993,0.4691411359,0.7544713493,0.4870920087
,0.7335318962,0.2417835787,0.3235212721,0.725846573,0.01749236199,0.4720349928,0.7383206229,0.7570025322,0.3235212721
,0.889314677,0.2730728323,0.3260742357,0.6068881267,0.8739037039,0.7534153925,0.1767220401,0.9807340558,0.3260742357
,0.07537328488,0.3329837115,0.886895726,0.5539397667,0.5846138725,0.1945165074,0.7263923209,0.0752113048,0.886895726
,0.1182218602,0.1807555955,0.4108817846,0.968033623,0.7765917257,0.1946047163,0.4093887807,0.9406011527,0.4108817846
,0.7272002951,0.1503601824,0.2177034124,0.2986111695,0.6729043127,0.1430469191,0.3305567643,0.05788011813,0.2177034124
,0.6715624812,0.7891400173,0.232015473,0.6436928034,0.0917040469,0.9554319853,0.1651456082,0.2806468269,0.232015473
,0.4393780746,0.8883778844,0.5501082758,0.2794376285,0.496452829,0.6438852514,0.7390095663,0.7822001195,0.5501082758
,0.2648679282,0.6121282415,0.5695716207,0.1352577096,0.8503116605,0.4330821169,0.3538505751,0.2271773343,0.5695716207
,0.4950633391,0.7275526663,0.8393410241,0.9680526899,0.4231198982,0.8983315208,0.5918289676,0.88340285,0.8393410241
,0.02242507639,0.9736469177,0.1891927573,0.3733657602,0.1530886547,0.9320406725,0.5956722528,0.8187059845,0.1891927573
,0.5547497911,0.9249867885,0.6870890437,0.8449204101,0.1850472854,0.3525784595,0.5753385963,0.1741158967,0.6870890437
,0.5310887567,0.8413687262,0.7699764716,0.08740931157,0.6184226009,0.9111874498,0.2112418759,0.7260732109,0.7699764716
,0.04383066336,0.2642371427,0.4043070161,0.8469695432,0.4506762278,0.9563164415,0.7623144056,0.9072623735,0.4043070161
,0.6567393788,0.5789591806,0.7770589224,0.2640200108,0.9170868778,0.6376681212,0.7450184272,0.3035763715,0.7770589224
,0.1500182823,0.4929387816,0.1004968715,0.652047063,0.7391249075,0.7778331948,0.7297405163,0.6754341709,0.1004968715
,0.7822992125,0.1209903148,0.09396430412,0.7318096824,0.2493432193,0.636033906,0.8463435393,0.6022007715,0.09396430412
,0.2888310286,0.3787006841,0.5179623852,0.6273765247,0.6259962282,0.7490027241,0.05004666506,0.6074434834,0.5179623852
,0.7444651152,0.6953793454,0.7309292012,0.1180427483,0.9879460796,0.983938529,0.6942239457,0.6356322123,0.7309292012
,0.2010715893,0.7406771367,0.8082307151,0.4223931829,0.4325031465,0.420663082,0.1872648267,0.1433510286,0.8082307151
,0.6293905492,0.6149873272,0.6270294022,0.8365689289,0.09930222672,0.6110473008,0.9516116014,0.4760669671,0.6270294022
,0.9289728224,0.3489054043,0.2603219859,0.1272960418,0.2683461421,0.9363857545,0.6255822595,0.1147532158,0.2603219859
,0.8028404671,0.4080497648,0.8459375997,0.28076933,0.8933220195,0.2793782875,0.2043001188,0.07167321182,0.8459375997
,0.9620484298,0.8058701584,0.5245328394,0.5350998309,0.1210623132,0.8213608702,0.0004753777327,0.1714309303,0.5245328394
,0.2121046394,0.15347299,0.5355337002,0.7028432443,0.3404746931,0.3815655485,0.1318426987,0.6195323563,0.5355337002
,0.2061011647,0.361566742,0.471702459,0.1464605467,0.1554703262,0.1457576283,0.4249908815,0.244437036,0.471702459
,0.5163222457,0.0006665945986,0.1665052532,0.1007485842,0.7543027363,0.4058961688,0.09831417554,0.04250802636,0.1665052532
,0.8876310115,0.2882197116,0.03049314451,0.1245295096,0.05811940035,0.5930382436,0.2356812454,0.8570268926,0.03049314451
,0.9368501456,0.5753118486,0.3987746421,0.8426359215,0.3631022076,0.2476789147,0.1863615841,0.5481352136,0.3987746421
,0.5112453879,0.7242794432,0.1511146623,0.8448850526,0.9819460899,0.5497515545,0.2009583592,0.7480834853,0.1511146623
,0.6247838774,0.06498304349,0.6394516571,0.3186936634,0.901459486,0.156690968,0.8477555693,0.3815530993,0.6394516571
,0.9116734361,0.3567505397,0.1533462277,0.06839146209,0.8111552735,0.5626305423,0.3128335127,0.6893036345,0.1533462277
,0.6204682445,0.9264163351,0.9725458639,0.001833248496,0.2285440928,0.2081239322,0.6483928163,0.008851957096,0.9725458639
,0.8285712221,0.5605586379,0.7829825561,0.08971393427,0.2680590284,0.08156009036,0.641674,0.2107132646,0.7829825561
,0.2284505839,0.2159008037,0.7575131986,0.3483440867,0.4350627022,0.7744965029,0.05809982511,0.9149781915,0.7575131986
,0.2472964103,0.564669431,0.1803965144,0.6501197522,0.06148158027,0.9452390205,0.1901079919,0.5242632253,0.1803965144
,0.4963384633,0.7940726849,0.2376147922,0.7011741184,0.4160269102,0.6101754377,0.8102233591,0.6014224226,0.2376147922
,0.629922153,0.3250455738,0.9673413534,0.5409409592,0.3665071541,0.3640786263,0.1008065131,0.4993943677,0.9673413534
,0.90981028,0.04651818114,0.9749150553,0.04234857759,0.3652970067,0.187081899,0.1393059863,0.9000620954,0.9749150553
,0.667524177,0.3091419434,0.7961036897,0.9263568471,0.5108152682,0.4278786743,0.1147004373,0.5164940769,0.7961036897
,0.8878474869,0.1641063917,0.6695488413,0.1446104467,0.6654298459,0.7353652112,0.7254592583,0.3543767191,0.6695488413
,0.04865479469,0.6372605781,0.9444878775,0.665547631,0.7035001229,0.3017963068,0.5492561054,0.2449202263,0.9444878775
,0.9682459749,0.4858243418,0.8377766678,0.5099105605,0.6997542968,0.7386823117,0.6315542653,0.6783053451,0.8377766678
,0.1132347145,0.5813418669,0.04980469368,0.6712166453,0.9048622944,0.08264547927,0.7756192535,0.3744338697,0.04980469368
,0.04662738019,0.3878927263,0.1555804257,0.8650226806,0.8717641038,0.1494872718,0.03612346377,0.5036576719,0.1555804257
,0.9710433521,0.4371685901,0.4771259457,0.3822996617,0.7238274936,0.7500765918,0.7705026278,0.5070328753,0.4771259457
,0.8023931585,0.8437991016,0.8395126536,0.870320827,0.6706790973,0.3615439461,0.4348502828,0.1334794864,0.8395126536
,0.4566400509,0.2038864082,0.4367447828,0.2035710118,0.3138946974,0.1670112887,0.6522685711,0.3967575849,0.4367447828
,0.6891015232,0.1401635049,0.8797074652,0.8415130073,0.7340744769,0.5877340108,0.9225385465,0.492241078,0.8797074652
,0.08684890941,0.3144556044,0.0813709226,0.6458869216,0.1862276221,0.7360402755,0.5762525932,0.5363688019,0.0813709226
,0.05823389836,0.5444982747,0.9850244796,0.4876351516,0.2133861127,0.1210240292,0.5631932926,0.1121747377,0.9850244796
,0.3237084441,0.1482779931,0.9065348359,0.4319233666,0.2839378637,0.1004006969,0.1543722281,0.4320719521,0.9065348359
,0.1447604807,0.6362559646,0.7989855631,0.03050648881,0.202311665,0.4319389126,0.01788227536,0.8234137316,0.7989855631
,0.9377187939,0.05579697043,0.7825466274,0.9792873314,0.4758971516,0.3585838453,0.9177208802,0.4027501333,0.7825466274
,0.5876966647,0.8572743328,0.9273609986,0.2366372868,0.8199646813,0.9006950798,0.00982535703,0.8755416495,0.9273609986
,0.04788541648,0.7642313008,0.5008477863,0.07350459261,0.289567793,0.2313992766,0.794296764,0.1824180956,0.5008477863
,0.753221599,0.8588957747,0.04197448682,0.3046479866,0.7002942671,0.4667853411,0.7670000663,0.8583769648,0.04197448682
,0.5929027347,0.9905311731,0.4125293627,0.7571809042,0.4652381636,0.7421362978,0.2102657015,0.2096393749,0.4125293627
,0.5330392499,0.8396033752,0.3266585307,0.6988603179,0.9988308118,0.6706600168,0.8696493786,0.9058042349,0.3266585307
,0.09016645234,0.835772081,0.3661120804,0.2200456497,0.08045087746,0.4288877471,0.1220898953,0.143154469,0.3661120804
,0.214510227,0.1198006257,0.6745599613,0.688990912,0.6311995753,0.575473121,0.4405031991,0.9506008941,0.6745599613
,0.7663416535,0.5950360469,0.9624629144,0.9309349435,0.1619483603,0.2595782565,0.9752278888,0.6585211954,0.9624629144
,0.966549468,0.2020586617,0.7735539103,0.8798225869,0.7708818946,0.3027929359,0.01822384153,0.9897554019,0.7735539103
,0.6170190096,0.305751919,0.08715591691,0.2322521538,0.01864176394,0.04309204244,0.4865582316,0.9376120501,0.08715591691
,0.00813212747,0.9503367906,0.7988796285,0.5232314281,0.7940929901,0.352717877,0.8403773119,0.4548634561,0.7988796285
,0.9675061782,0.039736765,0.6579899438,0.8671270477,0.9353173921,0.6743170882,0.03270882974,0.8646696281,0.6579899438
,0.4731065049,0.8967922613,0.2178974421,0.07476690297,0.9269556031,0.260877726,0.3938126026,0.4438282619,0.2178974421
,0.3778467716,0.2809312014,0.6442003405,0.3483263993,0.352287136,0.3889847881,0.8624660503,0.8644850822,0.6442003405
,0.7513902464,0.07815609673,0.8778398343,0.7617494222,0.05582541026,0.274090571,0.6522707259,0.1381644461,0.8778398343
,0.6504316898,0.9300575128,0.233714232,0.04676777644,0.5071000121,0.8798324049,0.9526540878,0.5572053659,0.233714232
,0.86490345,0.9154556717,0.3484742191,0.8900745952,0.1589887493,0.7016249717,0.2697881437,0.6314695595,0.3484742191
,0.5676350002,0.5440400997,0.8082957892,0.3889525693,0.5637669007,0.6046684436,0.004444907591,0.1292396261,0.8082957892
,0.4660314189,0.1031860996,0.5107172796,0.0499758134,0.9321991156,0.06558747669,0.4123276406,0.3527144416,0.5107172796
,0.2912173041,0.4037625613,0.349429658,0.5413300562,0.1325948621,0.5370762276,0.2889920948,0.1215418865,0.349429658
,0.8631392046,0.06081173497,0.7805766804,0.1511591116,0.6587179472,0.5743049719,0.8392574158,0.5534243012,0.7805766804
,0.9981103167,0.2572353132,0.4592409242,0.5319813721,0.4664360513,0.5313164972,0.05246125423,0.4778937316,0.4592409242
,0.16469161,0.4365416672,0.6245981316,0.4861130063,0.6356225683,0.2659542897,0.1628765543,0.007954652729,0.6245981316
,0.8838265529,0.002014007174,0.2127214135,0.4443881188,0.4805652438,0.1259329028,0.2827109546,0.3612654284,0.2127214135
,0.07074611058,0.3283593793,0.2256527039,0.495026155,0.3529587295,0.2022428911,0.9620993909,0.2651737049,0.2256527039
,0.6321942057,0.8431279972,0.1352186961,0.3146200489,0.6040143247,0.1489435235,0.4216974636,0.7923424696,0.1352186961
,0.9547407289,0.1098712333,0.1919144583,0.09149360445,0.643544616,0.6666696188,0.07147934348,0.8990728839,0.1919144583
,0.4973473428,0.3301072669,0.2508653537,0.7941132948,0.6473963173,0.7365137885,0.2246382932,0.3691889464,0.2508653537
,0.8932273076,0.0001137050757,0.04088690118,0.8568204197,0.6134454564,0.5686796344,0.04667368999,0.1931509881,0.04088690118
,0.3617244705,0.1750665666,0.104829534,0.7992551662,0.7303028941,0.08372093367,0.3614590995,0.6409719158,0.104829534
,0.9870116991,0.200346552,0.1360955661,0.9708700411,0.9327796719,0.350627367,0.5817922019,0.3137375951,0.1360955661
,0.284940073,0.4662277241,0.1095222103,0.9720703332,0.5113906498,0.3293821165,0.517322661,0.5037647551,0.1095222103
,0.2414352462,0.6122542277,0.6864560237,0.8145622001,0.04190954081,0.112509926,0.7542804049,0.08249275157,0.6864560237
,0.8273644892,0.197615063,0.3898965044,0.2111044575,0.7142901593,0.7777501387,0.963229565,0.8066262423,0.3898965044
,0.05053011771,0.8479501368,0.04536031905,0.9456856396,0.7094046418,0.4304393839,0.05238445879,0.04678057944,0.04536031905
,0.675521812,0.362704599,0.346542911,0.10770208,0.2473621192,0.1908739496,0.6677974881,0.1672372595,0.346542911
,0.8706314728,0.6116738052,0.6543312856,0.8549088907,0.7875184986,0.2661668236,0.5240210132,0.3139662305,0.6543312856
,0.09231499878,0.9311765141,0.4613636822,0.3217157035,0.1268421143,0.08115045613,0.6372505725,0.4360623625,0.4613636822
,0.4317446283,0.1669094183,0.6789336299,0.08888545642,0.7422299937,0.3109125896,0.3211069034,0.004316097172,0.6789336299
,0.4138060693,0.1141217476,0.9362721696,0.6555868537,0.279695986,0.9005011487,0.9791410578,0.8758610305,0.9362721696
,0.07442473067,0.7635319893,0.3748840565,0.06516064679,0.8039943456,0.2384299364,0.819030926,0.6763458028,0.3748840565
,0.08788901385,0.4914677269,0.7808030003,0.4118998437,0.02005486007,0.2890139722,0.1600149794,0.6708470807,0.7808030003
,0.817890511,0.772072687,0.02047821175,0.07908320514,0.2799164005,0.3676381751,0.2077965164,0.4742923752,0.02047821175
,0.6426368126,0.9402765912,0.1030576226,0.04399709875,0.2538004357,0.3119930188,0.5886296368,0.0002058665513,0.1030576226
,0.160192677,0.2127361248,0.4561835945,0.5428608475,0.4976744946,0.6591920557,0.492124647,0.3728943443,0.4561835945
,0.9492052249,0.2750602338,0.9664910437,0.8010064379,0.008979952039,0.002225545097,0.3218162197,0.4292218417,0.9664910437
,0.5290017569,0.1537164571,0.8102911553,0.6249079039,0.997629659,0.3447629447,0.6370496907,0.8797291924,0.8102911553
,0.3436266676,0.04936266551,0.06224202624,0.118483902,0.7513831867,0.8278528915,0.7239127968,0.5350152857,0.06224202624
,0.6843503073,0.5368440988,0.3657586737,0.9442259554,0.3554738193,0.6612270429,0.7597142034,0.07673870573,0.3657586737
,0.653201002,0.826459998,0.1257123396,0.6765198917,0.7078164744,0.6413406819,0.9740065902,0.4117805124,0.1257123396
,0.2117199575,0.7407198809,0.07082166858,0.3871124767,0.4786963498,0.5298952443,0.8254915872,0.4139030261,0.07082166858
,0.167928967,0.2078827914,0.9627365264,0.02315704182,0.4642442074,0.6193771664,0.6160233654,0.3332801816,0.9627365264
,0.8213360453,0.1562030851,0.3257277775,0.06627158843,0.3731524566,0.7757594699,0.9574325489,0.2298107862,0.3257277775
,0.7588611402,0.1102056951,0.8138905834,0.2987747079,0.8587954985,0.9866600742,0.8898740975,0.4008759539,0.8138905834
,0.3204310267,0.1922365742,0.1293251156,0.8465334954,0.3900433515,0.862731775,0.8344142068,0.3834988847,0.1293251156
,0.9985437016,0.8486835128,0.6973430445,0.1750255201,0.3742834003,0.4099038113,0.4191671174,0.4081350629,0.6973430445
,0.4794437698,0.08920861408,0.7595847699,0.1748842881,0.4294878897,0.6641444056,0.5292136708,0.5036583442,0.7595847699
,0.5310039167,0.9632240443,0.1563454882,0.5901590127,0.1218667241,0.7553341325,0.3110557756,0.5144916061,0.1563454882
,0.2473933602,0.2519398641,0.0369755841,0.4302498776,0.7572741961,0.5763733462,0.7388515654,0.3562561183,0.0369755841
,0.4888780253,0.8971340316,0.2753144416,0.09320888638,0.1641803598,0.9986280407,0.7421199707,0.1688791483,0.2753144416
,0.859637812,0.2563890178,0.1025607956,0.9522220303,0.1708967632,0.1972234461,0.5736512554,0.4078134413,0.1025607956
,0.3041612978,0.3981876326,0.899917181,0.6464952031,0.4669287749,0.9577770234,0.3531628193,0.2598843432,0.899917181
,0.8434042884,0.3866127628,0.08551742243,0.9162952401,0.5860563276,0.7564310758,0.7081051707,0.3238930921,0.08551742243
,0.3193519865,0.1878554719,0.1362113327,0.04502499564,0.6037105167,0.8556432681,0.9946933496,0.8138702769,0.1362113327
,0.08024468576,0.3465902029,0.1673648702,0.4417085235,0.4837459783,0.7269310484,0.7372783106,0.4425378543,0.1673648702
,0.6120356024,0.167879307,0.5493961373,0.8303576936,0.4277282119,0.6008642274,0.5898011088,0.01062529606,0.5493961373
,0.2941842203,0.412299107,0.3305438997,0.689037606,0.5110625469,0.3329071291,0.4304285261,0.04910327981,0.3305438997
,0.004660555735,0.3805394529,0.1249344777,0.7649050564,0.0209201244,0.8659353833,0.6951114637,0.5532346366,0.1249344777
,0.2609239707,0.6618562932,0.5432393535,0.2175196147,0.2380385179,0.5714827643,0.3039804235,0.9476489471,0.5432393535
,0.3707099835,0.5835741879,0.2876416421,0.8219070756,0.1376845933,0.2243333031,0.1234280749,0.9027356656,0.2876416421
,0.8850406505,0.3864278512,0.6447487815,0.8128466145,0.1820314408,0.4934669631,0.5460250979,0.5671735057,0.6447487815
,0.7688733591,0.6632774469,0.8448825418,0.8897822411,0.1753905079,0.6408790972,0.1702765023,0.8782808096,0.8448825418
,0.0735781971,0.3546719858,0.6986486036,0.1978426436,0.6863545097,0.7559853786,0.983075567,0.8977613662,0.6986486036
,0.2602354285,0.007208990054,0.07846719516,0.3123912425,0.07278209947,0.7695032519,0.284494982,0.1114352027,0.07846719516
,0.09750718814,0.2132676518,0.8450048699,0.1309275445,0.7185809256,0.3241027739,0.07770854325,0.4582826656,0.8450048699
,0.2838738551,0.2554555625,0.7595046699,0.2360455897,0.9025792859,0.7503552691,0.7107811473,0.7322018641,0.7595046699
,0.2258693137,0.06205262134,0.5565524438,0.05732287669,0.6958737182,0.9145657492,0.1456638502,0.3366630497,0.5565524438
,0.3994127827,0.7076154334,0.2078165429,0.928783735,0.7753009838,0.3858722141,0.7770815391,0.02959027798,0.2078165429
,0.7365353612,0.6727640251,0.8638806996,0.6792081221,0.7812298713,0.6443207932,0.2675203038,0.9957969168,0.8638806996
,0.9387099381,0.789651827,0.7220881735,0.6183456881,0.7937347813,0.7569282335,0.2161601462,0.1680944132,0.7220881735
,0.6447675967,0.1255382225,0.3160984616,0.07399334218,0.8790002467,0.9681242657,0.0996705376,0.9296771043,0.3160984616
,0.452532772,0.8853527573,0.5314492567,0.4751001689,0.524544566,0.9813494617,0.6097370263,0.02227028479,0.5314492567
,0.3854501596,0.9392573265,0.7692152153,0.6319226612,0.61565302,0.50886784,0.7402942793,0.6088855249,0.7692152153
,0.7732484001,0.06310616065,0.5794417281,0.5794846365,0.9151369879,0.05559282823,0.6832557574,0.9055193741,0.5794417281
,0.2730658305,0.3644685897,0.205700453,0.4696177062,0.6695566032,0.7435753544,0.4285764752,0.2427434971,0.205700453
,0.4445330611,0.6286822647,0.8663000727,0.6667537571,0.9568509449,0.6158226816,0.5145009859,0.1788901341,0.8663000727
,0.4282623829,0.1067742796,0.6746271734,0.7660456098,0.8305144793,0.6966450626,0.5216043572,0.2745390208,0.6746271734
,0.2690956864,0.4042157289,0.1172046475,0.1633177719,0.1534266812,0.2384210251,0.5517048645,0.1157735616,0.1172046475
,0.3810505953,0.7419861126,0.6698526025,0.8697583501,0.4667084337,0.0959463066,0.4471501332,0.8305874878,0.6698526025
,0.7924761739,0.3649840836,0.2878721164,0.218881392,0.01706086542,0.2254564758,0.7650829833,0.8252375626,0.2878721164
,0.1650646756,0.7815314989,0.2293446336,0.04598436126,0.666295774,0.699840269,0.1377245151,0.4745793251,0.2293446336
,0.8440680863,0.9981417734,0.8928333502,0.7190396359,0.2005419966,0.01300797842,0.9254376377,0.7787376294,0.8928333502
,0.1285290084,0.2290337418,0.2156622482,0.4210147074,0.1377272964,0.3339628443,0.4495655079,0.03372462013,0.2156622482
,0.3864480248,0.0174246958,0.5774681662,0.4278919257,0.347246174,0.6465638542,0.3569401154,0.492254264,0.5774681662
,0.1761197324,0.439985104,0.4274971615,0.3879490869,0.1033543477,0.2624423805,0.819178539,0.2175092883,0.4274971615
,0.1435647042,0.957995846,0.4368864499,0.675422725,0.4622895368,0.6069382457,0.03771148568,0.06061028106,0.4368864499
,0.7891680004,0.7311859449,0.774966588,0.3577598393,0.4333943274,0.8327580575,0.6411110762,0.5451849523,0.774966588
,0.9719211686,0.5659414716,0.7007608232,0.2575587581,0.285886104,0.4830875744,0.40749773,0.5667598689,0.7007608232
,0.06388334089,0.982205005,0.9350215048,0.9651749966,0.3420190846,0.3971847378,0.7171497161,0.3330566505,0.9350215048
,0.0630164943,0.7142073772,0.8940499913,0.2675221578,0.2888348977,0.08756304623,0.01958591162,0.3620346743,0.8940499913
,0.5696109529,0.0964702799,0.974031685,0.4093358893,0.2262918951,0.6440988434,0.4542648193,0.3127216978,0.974031685
,0.5983233903,0.04461796235,0.9931469771,0.4067989641,0.06181167687,0.03067351434,0.3740170943,0.9713784959,0.9931469771
,0.01958624469,0.7355486058,0.9965890636,0.5606807325,0.965849384,0.03359663513,0.02346742138,0.7990257989,0.9965890636
,0.8701554487,0.4245561869,0.4224147447,0.3360551056,0.8834053722,0.1171991491,0.06787736539,0.9800675616,0.4224147447
,0.3200933859,0.9694081114,0.1452148068,0.3810517967,0.9324270466,0.6850320624,0.3532304349,0.1909025128,0.1452148068
,0.5049963539,0.184281869,0.6775271996,0.8958517129,0.5221208182,0.2330133334,0.2696215801,0.9367474544,0.6775271996
,0.3221331169,0.08255338626,0.2554714934,0.4635036261,0.4712549729,0.01722558632,0.9600824659,0.2555779383,0.2554714934
,0.8241683022,0.5809872219,0.5728380081,0.551109034,0.04725534249,0.3484312617,0.4885153954,0.7151378549,0.5728380081
,0.6412889231,0.5973230189,0.2636042641,0.5284598607,0.02057460693,0.7001103882,0.2281012975,0.9498646515,0.2636042641
,0.5159252923,0.929665427,0.4465966026,0.3608888177,0.8318999206,0.5025796734,0.4847505055,0.2386585334,0.4465966026
,0.8819585119,0.8996633262,0.4960185403,0.2373609772,0.8124936563,0.09122489433,0.772888414,0.1013184437,0.4960185403
,0.3108689132,0.8067071665,0.4297924189,0.7370281751,0.5644527724,0.9425196409,0.8148549695,0.2355859122,0.4297924189
,0.9438726319,0.6295356613,0.2465329872,0.9742699933,0.1514242226,0.6503653172,0.07063727406,0.7836474698,0.2465329872
,0.8085656776,0.924725207,0.104428392,0.4941608693,0.02597070527,0.1880714802,0.09181793181,0.1761020844,0.104428392
,0.2911131376,0.09984979193,0.4014298894,0.3674443912,0.1706348199,0.7463850131,0.1274410818,0.6485776373,0.4014298894
,0.7288444498,0.9981953975,0.5109245864,0.3942726389,0.5193028406,0.5659843407,0.267881808,0.5875702364,0.5109245864
,0.9127982074,0.4783844277,0.2149959206,0.3908938602,0.220059854,0.4839531163,0.8082117038,0.3408991723,0.2149959206
,0.8097878575,0.7677270899,0.6810771062,0.9076022616,0.07901318294,0.514833447,0.6251111778,0.06325481771,0.6810771062
,0.5332366943,0.772382049,0.9087608304,0.3115611897,0.3083963112,0.424318883,0.6605744294,0.7420297856,0.9087608304
,0.1711004008,0.4716448926,0.2946169961,0.02674067674,0.1722328055,0.6862593506,0.2363810616,0.907074293,0.2946169961
,0.5675422904,0.9330813808,0.383383186,0.488993414,0.4004964929,0.3889070048,0.9508045283,0.524387197,0.383383186
,0.9534063666,0.389458895,0.009123486729,0.1323892935,0.2902991022,0.9622077083,0.2859717349,0.0992723269,0.009123486729
,0.5432057011,0.7069486288,0.6386092066,0.8460959641,0.6198335441,0.5008950547,0.8921056518,0.01530173926,0.6386092066
,0.3500498388,0.6219809877,0.7731663625,0.4894888467,0.1967198509,0.04687839984,0.2100222065,0.1534403737,0.7731663625
,0.6925777779,0.4332333032,0.2175745024,0.5135417119,0.2099436257,0.6176867141,0.07798902025,0.8731243272,0.2175745024
,0.1089558696,0.3034421392,0.4825285753,0.4952654036,0.2529030823,0.2732224575,0.325059268,0.1643179065,0.4825285753
,0.1861281408,0.4770257746,0.1786889492,0.8052719948,0.3246786979,0.7631447806,0.2447679253,0.574481842,0.1786889492
,0.2107628901,0.7949893276,0.6137626941,0.2719809295,0.1003515013,0.8559760168,0.6969455616,0.5403036384,0.6137626941
,0.8390949665,0.7184279169,0.3813224103,0.9537859476,0.6231603587,0.8062242688,0.1586794482,0.2520558211,0.3813224103
,0.6603206906,0.7162708404,0.6058596151,0.2345180357,0.4946406023,0.6172162382,0.999006973,0.3685789897,0.6058596151
,0.9489895417,0.7388343097,0.7085033184,0.3639507998,0.1916994973,0.722752257,0.5582048906,0.3554460813,0.7085033184
,0.268212225,0.6092164933,0.3502727517,0.4259417556,0.5173660617,0.4689567254,0.09981940453,0.2899944372,0.3502727517
,0.3694979549,0.4736060403,0.7769856453,0.02213640301,0.3737126635,0.3869230328,0.2559768919,0.829135336,0.7769856453
,0.4755206316,0.5692146329,0.9858960131,0.4343120724,0.03911590543,0.8449432242,0.9880345253,0.05309365659,0.9858960131
,0.7056372835,0.9774221969,0.5665889059,0.9097157328,0.7037665072,0.08286996591,0.2143053185,0.7036777886,0.5665889059
,0.8888211707,0.8441902197,0.5259028008,0.7345866912,0.7680281229,0.1870062281,0.3104685788,0.3814220776,0.5259028008
,0.1304611393,0.08700989589,0.6790558355,0.1493868654,0.7791382912,0.2155745261,0.3227718065,0.9182502926,0.6790558355
,0.3654007259,0.508979823,0.6178185617,0.1656549125,0.6401450838,0.2883987951,0.4940923145,0.4070292343,0.6178185617
,0.3269237298,0.6003543358,0.882309002,0.2892430004,0.6993885161,0.9923838331,0.8163528975,0.8707636164,0.882309002
,0.5149411995,0.2351383762,0.860135081,0.7014436999,0.6319525306,0.2276881854,0.9130589827,0.09914921007,0.860135081
,0.2983383775,0.7283192886,0.5575540567,0.7798057263,0.7209701981,0.8964151522,0.5408310119,0.2088403205,0.5575540567
,0.07916811795,0.5560308765,0.6746306169,0.6255886542,0.2914523359,0.1640514236,0.4158692344,0.9256259662,0.6746306169
,0.6627107528,0.04218786285,0.3209330897,0.7969719725,0.2412957665,0.3828857555,0.2834104983,0.1110073041,0.3209330897
,0.2029553814,0.08176934213,0.3229034579,0.01217986173,0.6779973367,0.9521911948,0.3594547392,0.4228104154,0.3229034579
,0.7424756328,0.6391565734,0.6932565415,0.1295190597,0.7982648383,0.4975535827,0.9969181186,0.1891849053,0.6932565415
,0.4286645721,0.8531321119,0.5211553958,0.06327519572,0.8059206671,0.3383607975,0.01750323953,0.5863382277,0.5211553958
,0.5210712202,0.3993550155,0.3237466553,0.7008436334,0.7722214047,0.6884939969,0.2340540568,0.8946099971,0.3237466553
,0.8115259385,0.4898083085,0.4647931127,0.2917891853,0.7326044486,0.05586000692,0.2977478625,0.6212247724,0.4647931127
,0.8974852216,0.8064623554,0.09784156414,0.2952402852,0.154726937,0.4007563001,0.4240660765,0.2002196644,0.09784156414
,0.7709581232,0.3347772659,0.3428984585,0.8724602712,0.7948106847,0.008408710333,0.372092163,0.8677769965,0.3428984585
,0.7124064682,0.06527228593,0.964193537,0.3703847012,0.5213512692,0.5972945044,0.6400161734,0.4306241881,0.964193537
,0.7360725839,0.3188680317,0.4741205997,0.2421946372,0.1514746573,0.6444663022,0.3960930051,0.8344967658,0.4741205997
,0.6247978431,0.06131391766,0.5694322638,0.1677837136,0.05471732634,0.9250876752,0.2644410281,0.5303728001,0.5694322638
,0.810283105,0.4599327301,0.6052602207,0.4143728929,0.2572441964,0.7381635115,0.5691100723,0.5768770619,0.6052602207
,0.01233051054,0.8794388366,0.6865610793,0.1866720229,0.6219831449,0.1755591868,0.9304954407,0.2133955293,0.6865610793
,0.2388904446,0.5088640476,0.2100698572,0.6017618566,0.4862211465,0.9282437616,0.50886272,0.940095737,0.2100698572
,0.8768165352,0.1115785861,0.937643203,0.01593197156,0.952376342,0.1031575426,0.4323072249,0.2792968821,0.937643203
,0.5055530029,0.296027405,0.540028125,0.9134369016,0.2138819958,0.2723449,0.2265923173,0.8842825911,0.540028125
,0.02705541837,0.4419832298,0.7454755679,0.3717200373,0.4917563007,0.7420300777,0.02183183254,0.6704652033,0.7454755679
,0.1713853565,0.3995685575,0.8956306983,0.8184178208,0.9081534768,0.6690331583,0.880771247,0.6053490112,0.8956306983
,0.1537541471,0.07636492333,0.6821209823,0.3611100943,0.5607901103,0.5717386957,0.8714224441,0.379503248,0.6821209823
,0.7886155022,0.2313806346,0.9937741821,0.1402414464,0.3861082019,0.6250509251,0.2444598007,0.9962657489,0.9937741821
,0.4186447205,0.476562264,0.1224837409,0.6765920265,0.711382789,0.2494408905,0.1349450646,0.1979129368,0.1224837409
,0.2257251172,0.9440285857,0.2449062956,0.8720129622,0.3656023978,0.5129531535,0.2769978727,0.1289795495,0.2449062956
,0.7637441178,0.7435543125,0.1447024223,0.8619522648,0.2845724976,0.9652725933,0.3107645685,0.1697895386,0.1447024223
,0.8111150333,0.4262671735,0.2667280305,0.5620382372,0.8331660455,0.1092541816,0.9746114351,0.5135623449,0.2667280305
,0.7648847315,0.4497115901,0.0602538519,0.5130431839,0.9161323515,0.654080411,0.7443769247,0.9208787237,0.0602538519
,0.7877760162,0.3464581845,0.5464269187,0.3192601912,0.9092025823,0.9318328791,0.4634740428,0.4682637645,0.5464269187
,0.7610716954,0.01876671996,0.4976962104,0.370229317,0.3294310174,0.471291129,0.5258092037,0.2629835572,0.4976962104
,0.5442729011,0.7895758677,0.02089140411,0.2006025143,0.7145731691,0.2359700458,0.06642116514,0.7433298947,0.02089140411
,0.4896560673,0.07369243747,0.125437565,0.6027619274,0.08639271105,0.8215850902,0.5779747829,0.4125091646,0.125437565
,0.99151322,0.6288462654,0.6274268015,0.3660301934,0.9213094518,0.6812125793,0.341380266,0.7360809463,0.6274268015
,0.1453811193,0.8749337857,0.4794269585,0.1057386933,0.8462298004,0.3210389614,0.909649642,0.1429092461,0.4794269585
,0.7560908123,0.7885266033,0.9426055171,0.5906162745,0.9437769443,0.7683442284,0.1730337137,0.04000271813,0.9426055171
,0.8045710839,0.8325747554,0.8879915351,0.5512833589,0.08944771845,0.9282808184,0.2551982721,0.3438319958,0.8879915351
,0.6971651345,0.9479047388,0.6836119708,0.5969773293,0.131232943,0.4610394362,0.2635326438,0.4335707973,0.6836119708
,0.4564717099,0.546223327,0.663063547,0.02764071623,0.6047587384,0.9465893588,0.2490699134,0.9616141502,0.663063547
,0.6844284482,0.7631681922,0.6074775089,0.9788017853,0.441393558,0.6661034297,0.474361413,0.6541399577,0.6074775089
,0.4512751321,0.2777418452,0.8877658867,0.9304065314,0.3841860749,0.07227673549,0.9147267347,0.620070269,0.8877658867
,0.8311712059,0.1451149347,0.674766978,0.9114154753,0.2872297228,0.8372549287,0.6277212935,0.7593108974,0.674766978
,0.2948035992,0.7383794554,0.6858861832,0.9533583374,0.9238626553,0.3375038707,0.2852524338,0.3877791958,0.6858861832
,0.112101709,0.6253871434,0.9145179253,0.2448538915,0.9825068898,0.1997568371,0.5869417246,0.5654320273,0.9145179253
,0.2261929204,0.5391971954,0.548424047,0.4734554418,0.453773451,0.9071468939,0.03849020939,0.9856657228,0.548424047
,0.8356033211,0.01751221808,0.3586185972,0.2270592738,0.1892025729,0.4482918179,0.7531954844,0.5048713806,0.3586185972
,0.5370917939,0.2496128499,0.4335294648,0.7935398139,0.9097798628,0.775594402,0.9171219713,0.08086594701,0.4335294648
,0.03159276211,0.8739154076,0.531536441,0.9597902914,0.2623865847,0.1516327099,0.8888235223,0.3668517459,0.531536441
,0.8056334067,0.2929995159,0.09426644113,0.8519805979,0.7783912174,0.5534181339,0.6294419831,0.3507879552,0.09426644113
,0.8780215832,0.1454823764,0.06369494505,0.6196907571,0.4628138904,0.08006769058,0.3013736028,0.3092991364,0.06369494505
,0.09937534824,0.6119958534,0.6473717466,0.4327172749,0.4734847301,0.6156037425,0.7773979097,0.4329382141,0.6473717466
,0.6621590577,0.7523332104,0.02528787899,0.5256586359,0.7786170703,0.7522788967,0.5894072297,0.4515062557,0.02528787899
,0.2690504092,0.3128469717,0.3272886158,0.2105071842,0.0009657017619,0.8292156261,0.9443363345,0.2063648907,0.3272886158
,0.9698047971,0.8062254712,0.9864892893,0.7670070553,0.9762279293,0.3463836109,0.1004885569,0.4015295983,0.9864892893
,0.02670532343,0.1728878261,0.8031238012,0.2901762024,0.1105245128,0.1126284478,0.3772472103,0.6312281773,0.8031238012
,0.2510734525,0.1163202284,0.7375567675,0.4626102513,0.4450124085,0.8259516731,0.01967268612,0.5320669469,0.7375567675
,0.9418877769,0.7152775294,0.3298116573,0.1876919613,0.3733814558,0.9713001082,0.1204700145,0.4526767443,0.3298116573
,0.2318170498,0.5376762008,0.139057101,0.8588502837,0.1649540005,0.4587057675,0.1762619441,0.4099189076,0.139057101
,0.4591042945,0.4392359435,0.3948022582,0.4441843327,0.03328548487,0.4738661303,0.07500060629,0.8493999143,0.3948022582
,0.8534227088,0.1594168331,0.01231319692,0.6251702077,0.51382441,0.5378625206,0.6074854542,0.8947238944,0.01231319692
,0.746821835,0.0831469415,0.7722809237,0.5477605828,0.5989930348,0.4913637439,0.2667915821,0.768314374,0.7722809237
,0.2308416823,0.2975523631,0.0702463135,0.523715398,0.7382710353,0.9101288671,0.07683379626,0.3620352201,0.0702463135
,0.6377069427,0.5046674064,0.9506570519,0.3951106045,0.9458190573,0.3327762872,0.7777151414,0.474096046,0.9506570519
,0.1413375137,0.5733147021,0.07926837551,0.439103901,0.3876345372,0.1485480176,0.8356807781,0.7554324284,0.07926837551
,0.1633459306,0.8209917078,0.5263369598,0.7853533612,0.8093196188,0.6298345194,0.9149780609,0.2918102193,0.5263369598
,0.588534483,0.885835723,0.1370802057,0.8028782534,0.2924715245,0.8328901452,0.2100564461,0.6355426098,0.1370802057
,0.5729994023,0.9701089347,0.2062534609,0.07909839566,0.5453038034,0.7080027132,0.531436154,0.7157359237,0.2062534609
,0.2437218057,0.9892037748,0.7556035184,0.1536005137,0.2509527147,0.2871729085,0.1573819268,0.6457894054,0.7556035184
,0.150525062,0.3585795197,0.7100199965,0.14991627,0.6286275344,0.030571623,0.1450233923,0.877508039,0.7100199965
,0.9367177173,0.3663726649,0.4123832581,0.7786799743,0.2516705978,0.3171231227,0.884894803,0.3524568315,0.4123832581
,0.2988331939,0.9532402195,0.8647938365,0.623839409,0.7219148083,0.2174120756,0.9968324371,0.7386666967,0.8647938365
,0.6614951538,0.6609605497,0.1403413144,0.6005643524,0.1439290413,0.4557721535,0.3635175406,0.909197094,0.1403413144
,0.9863812368,0.1753949685,0.1249776518,0.4625315412,0.08967547774,0.7647170111,0.212578903,0.5202453539,0.1249776518
,0.7586579672,0.6344147112,0.2805602938,0.1324505007,0.2961840032,0.1006107968,0.06605772372,0.5342471675,0.2805602938
,0.7813968395,0.5604078602,0.2858952722,0.5616276164,0.4103165407,0.8693621824,0.2414484196,0.575651543,0.2858952722
,0.4410566142,0.3089704132,0.644774004,0.0436248868,0.1367172744,0.7703828264,0.2617603013,0.1350431232,0.644774004
,0.9197530922,0.06900355564,0.2848026797,0.8685896162,0.5672183806,0.680601912,0.1117307985,0.7201804718,0.2848026797
,0.715539921,0.03180175086,0.3955094451,0.6702482255,0.02148633291,0.7551179649,0.5121180581,0.2542040958,0.3955094451
,0.5415864629,0.5666966733,0.2614236728,0.7822558162,0.1211914859,0.1488205045,0.308137464,0.565311862,0.2614236728
,0.02012425829,0.845134547,0.02755768065,0.3840470483,0.6429116044,0.3327120392,0.7341173111,0.699444846,0.02755768065
,0.8166060307,0.6341824912,0.8791362101,0.2839626683,0.892935145,0.248988567,0.2070957249,0.5796036038,0.8791362101
,0.7106691697,0.01012359363,0.9529703484,0.7110390564,0.9975190452,0.8044528129,0.9722617497,0.03618784653,0.9529703484
,0.8822241951,0.01567616542,0.7606166215,0.4194494533,0.3501614466,0.3552117109,0.6413111056,0.8685230776,0.7606166215
,0.4852999539,0.3451197512,0.5845281308,0.2690434897,0.634111415,0.1074324725,0.2921600378,0.5156771484,0.5845281308
,0.6126521632,0.5574021511,0.5699288756,0.7503473637,0.4062667995,0.6090614839,0.8630598258,0.2878295787,0.5699288756
,0.1910074788,0.2845785129,0.1641784681,0.182132409,0.6686249266,0.1127283332,0.465439024,0.8553178986,0.1641784681
,0.2883314257,0.009909280884,0.1566103932,0.1194159873,0.3241540935,0.2318808055,0.6684585566,0.7808968887,0.1566103932
,0.3996535795,0.1231673835,0.2809878224,0.520060623,0.5850509056,0.7553925995,0.1443899021,0.6257228509,0.2809878224
,0.3577717681,0.06268693225,0.4742608422,0.2172022991,0.8802211595,0.4004648655,0.8856830251,0.3582773562,0.4742608422
,0.02646394294,0.707380002,0.4085175495,0.3106383068,0.6486444651,0.3783643525,0.3580739907,0.2963593656,0.4085175495
,0.08917123282,0.1166316895,0.9826197614,0.7387202475,0.9017127213,0.8538158482,0.6439623538,0.06336519001,0.9826197614
,0.8713171554,0.09778535546,0.4081603094,0.7644312656,0.3898639585,0.5419733106,0.5294927983,0.3864553863,0.4081603094
,0.9551112701,0.6700802522,0.5523788715,0.4132134919,0.03952091471,0.1903152524,0.574234583,0.5335992229,0.5523788715
,0.7419359365,0.2194458348,0.7899319868,0.9374034608,0.9237164176,0.6601909591,0.9926211889,0.7195069606,0.7899319868
,0.8350326045,0.5600799938,0.7084013765,0.4610792677,0.8939419685,0.5107826539,0.2655547735,0.3615138041,0.7084013765
,0.1405239485,0.8134049438,0.2957022928,0.2133558189,0.2449371138,0.202518906,0.6522445626,0.7197832634,0.2957022928
,0.3588651127,0.3468829831,0.390116888,0.4594792515,0.7605419182,0.8715020876,0.254522314,0.6702307958,0.390116888
,0.9054141106,0.7127364717,0.7251814229,0.7113313428,0.2770832769,0.5465853245,0.9991408969,0.6709628218,0.7251814229
,0.04973646075,0.7127669327,0.3762648403,0.6088031699,0.6167283269,0.9372813726,0.5708314821,0.9766971938,0.3762648403
,0.6627231297,0.5035920964,0.7186099009,0.182495655,0.5924360605,0.5032148849,0.9855860849,0.2056569027,0.7186099009
,0.9996320103,0.1445306559,0.5416239858,0.7096130527,0.008309384776,0.3197209894,0.3351221646,0.1529903036,0.5416239858
,0.09753600147,0.4529924932,0.7515901482,0.7471846552,0.8957100039,0.8568928547,0.1456974714,0.2571498673,0.7515901482
,0.07160179138,0.3325731846,0.1907780249,0.05449092888,0.1225688494,0.6987423726,0.2120580449,0.7880979261,0.1907780249
,0.4593460975,0.4456606503,0.8995506864,0.1985314846,0.6609745203,0.1859811069,0.9728956123,0.7001577763,0.8995506864
,0.5548686495,0.5204195722,0.6813319558,0.9787216582,0.1253892093,0.8515677385,0.1903110574,0.4733636119,0.6813319558
,0.1037929213,0.8737537209,0.9577643227,0.7489156451,0.6077821882,0.636455447,0.6507681185,0.7765973926,0.9577643227
,0.591117534,0.5208442994,0.3174463779,0.112223135,0.2917874518,0.8451372942,0.3920760361,0.004777181134,0.3174463779
,0.3954955246,0.5645424469,0.4265977277,0.3758604655,0.9260265427,0.02989304216,0.2787430414,0.657961145,0.4265977277
,0.8743471495,0.744187285,0.3033517057,0.8437226833,0.2408326885,0.6246535702,0.5299504842,0.5318694026,0.3033517057
,0.7801654685,0.05742523829,0.3128198785,0.1132638049,0.5331575762,0.6723885893,0.2919822288,0.5724811715,0.3128198785
,0.232824001,0.4987528801,0.2130284287,0.1048765054,0.7881126582,0.08868851133,0.5224351766,0.6503965396,0.2130284287
,0.02527374454,0.7955278051,0.9815386011,0.1821760299,0.9425665889,0.8993407555,0.6944186118,0.4292831,0.9815386011
,0.9066546543,0.08189881933,0.6019964261,0.06172424145,0.3144027973,0.06308549102,0.3667640642,0.9954064942,0.6019964261
,0.4462830007,0.06778869439,0.697985269,0.1348064208,0.1056027045,0.8168203627,0.400393754,0.8314955619,0.697985269
,0.1119150759,0.01500524898,0.7837826169,0.4653175819,0.8025372002,0.7516181013,0.03694861985,0.2506722862,0.7837826169
,0.72066249,0.1109968351,0.5053761565,0.7399945988,0.4760541211,0.8805786862,0.6062871785,0.4859936131,0.5053761565
,0.8526570571,0.839284306,0.4688866259,0.3611967804,0.6721305336,0.6777875821,0.2353976707,0.6547433372,0.4688866259
,0.6572728923,0.4907397928,0.6290121107,0.1338425154,0.446154344,0.05762504923,0.9281229489,0.9111803152,0.6290121107
,0.7228309279,0.5075433418,0.547823746,0.234116196,0.5220736389,0.5628853879,0.7596887911,0.1047582693,0.547823746
,0.9688107724,0.3555203974,0.3153339714,0.4332633989,0.675262621,0.9335165625,0.5805256959,0.8098968504,0.3153339714
,0.495481157,0.8266201554,0.2501001905,0.9124253453,0.8238204357,0.2810227795,0.9553456098,0.1853171605,0.2501001905
,0.7962856215,0.0761657871,0.498648594,0.1224364182,0.9312031238,0.5237547481,0.219585431,0.7280204104,0.498648594
,0.7876178371,0.04521180958,0.763899235,0.1650517101,0.3664670306,0.0596197181,0.7860114571,0.7766343866,0.763899235
,0.9852839427,0.1167171881,0.7316246152,0.8040048779,0.1915855208,0.9045453789,0.107060622,0.5482513248,0.7316246152
,0.7239524141,0.383040056,0.02108851665,0.6792377392,0.881444286,0.5681069238,0.9612719165,0.01626872301,0.02108851665
,0.1142521115,0.2537596053,0.6654995402,0.5116414834,0.5069045526,0.4530925456,0.9026601032,0.7825820767,0.6654995402
,0.8060904115,0.5724313799,0.1812794856,0.3420681735,0.2361198094,0.8694633169,0.9885156479,0.04121205312,0.1812794856
,0.1472712199,0.7860112934,0.9724340852,0.5335221098,0.6543344889,0.2588887367,0.8785289702,0.5074218227,0.9724340852
,0.6775586323,0.7670086045,0.6575872674,0.5932627439,0.01943250237,0.3566896847,0.04945149822,0.1581455448,0.6575872674
,0.6217500391,0.5192001568,0.8689183965,0.3443714209,0.8532804499,0.5853210731,0.4460302463,0.5356440067,0.8689183965
,0.007838637819,0.07073945616,0.6640883098,0.2474671386,0.3084298733,0.5142963204,0.006918258082,0.4622496116,0.6640883098
,0.2009450543,0.7339420498,0.4320209429,0.7060111955,0.760178139,0.4974149955,0.1568447719,0.1151259521,0.4320209429
,0.6958921706,0.4823844035,0.9075086311,0.0749792756,0.1336933381,0.4351102936,0.3080001491,0.8289651169,0.9075086311
,0.6099260327,0.2545108655,0.2591458039,0.6135804178,0.8968817242,0.4706208539,0.4025642161,0.08072750918,0.2591458039
,0.2078807282,0.9356293699,0.4482827652,0.6010097411,0.3074383481,0.5838244173,0.9216413424,0.0653044571,0.4482827652
,0.7411108675,0.1389366094,0.9695244143,0.5494962197,0.4272523711,0.9230404678,0.8004606807,0.1350580627,0.9695244143
,0.354156442,0.9659459455,0.00180915299,0.8525765448,0.1657595978,0.9762180549,0.01125931691,0.551337031,0.00180915299
,0.5432414079,0.4575418169,0.7977304165,0.3943595094,0.410141018,0.8070826429,0.1759861205,0.3836254024,0.7977304165
,0.7132694366,0.1454399799,0.2006244305,0.01323256836,0.6531283842,0.1792671549,0.7454814407,0.1988305498,0.2006244305
,0.09898057792,0.4664623283,0.5050205174,0.4398228607,0.0006059567159,0.2157999035,0.3896720386,0.6647441896,0.5050205174
,0.3087054476,0.01244823551,0.08158555752,0.3001513947,0.4617837811,0.8216811285,0.365144781,0.07010049171,0.08158555752
,0.6263785459,0.1104029074,0.9053376072,0.7812516127,0.5185518148,0.1355390284,0.3092185466,0.778473754,0.9053376072
,0.9172187143,0.6711176928,0.3663670836,0.5636646072,0.4719116692,0.4228925685,0.3960498921,0.6501639,0.3663670836
,0.5053492454,0.8972349834,0.04456083403,0.1380169796,0.37552813,0.1633553967,0.595318677,0.788301108,0.04456083403
,0.4627172821,0.357223342,0.8641584841,0.6310285707,0.03317206949,0.634189529,0.1904661417,0.9604423806,0.8641584841
,0.5009664798,0.5153093371,0.01237211059,0.9785332261,0.8635683316,0.03008991388,0.7976630791,0.922607097,0.01237211059
,0.5503242772,0.04149313216,0.5160182891,0.8257651549,0.1187854961,0.5684019644,0.9337437969,0.4005198759,0.5160182891
,0.2216490867,0.1486660934,0.2373741051,0.009635148518,0.1289375773,0.8751602847,0.4879974763,0.6903437304,0.2373741051
,0.0919860543,0.9740340603,0.5226619124,0.2399960147,0.6764684726,0.9510909425,0.925166901,0.1607177712,0.5226619124
,0.2748534812,0.868682323,0.1024108362,0.3414055035,0.9396280291,0.3259178498,0.7793164905,0.0188818363,0.1024108362
,0.7352099343,0.03828526422,0.5314155527,0.6152857152,0.6243369205,0.830176369,0.5658272771,0.06426089516,0.5314155527
,0.2503005564,0.1229902414,0.7061057586,0.3468037787,0.3163950948,0.8836897971,0.8804064222,0.06560516209,0.7061057586
,0.0444489606,0.8773343583,0.7116640559,0.2900062341,0.5946703153,0.5528813402,0.7141321007,0.872203265,0.7116640559
,0.4274754147,0.630481776,0.4292626235,0.7099834841,0.7379571068,0.9230585888,0.1460038135,0.8143488252,0.4292626235
,0.01143927001,0.1483657685,0.5074899953,0.8373916269,0.3362177317,0.47615368,0.2267734346,0.06257413188,0.5074899953
,0.2484754797,0.6485216349,0.6849156806,0.8794645329,0.5034349792,0.7050958537,0.03469904792,0.28090342,0.6849156806
,0.9444484416,0.5432861856,0.03560302313,0.2844016221,0.4404770809,0.2836046037,0.8366548853,0.3197714366,0.03560302313
,0.06943899227,0.8756298731,0.3355420076,0.01566725885,0.2878262127,0.295613325,0.1561421649,0.6781009989,0.3355420076
,0.3617902335,0.6478870135,0.1884741808,0.2502616841,0.9749077694,0.9996139272,0.4483373159,0.9303326757,0.1884741808
,0.3758325725,0.257246688,0.9504505633,0.1219133569,0.8547930323,0.6943382173,0.1497356294,0.9619102674,0.9504505633
,0.4938618534,0.4828271652,0.02732855556,0.8549802808,0.5740442882,0.5275983959,0.2968485853,0.7629818037,0.02732855556
,0.5627585527,0.7880176499,0.5039637431,0.8709235863,0.987682238,0.02045852067,0.009331653851,0.9488171082,0.5039637431
,0.9789976971,0.033697283,0.6059425172,0.749017462,0.3675300741,0.2994073323,0.7299004988,0.8472964781,0.6059425172
,0.006980833842,0.462466988,0.6371515594,0.3540413921,0.7037418704,0.3862901205,0.9698751988,0.4867468204,0.6371515594
,0.4671139798,0.01277938237,0.880798994,0.3292260823,0.7936349953,0.9581565235,0.07123700951,0.8863424792,0.880798994
,0.6302565523,0.7749689296,0.032136474,0.6787031493,0.7640894519,0.4178305228,0.566703143,0.7239683456,0.032136474
,0.06382703153,0.952036971,0.3409561133,0.9037160361,0.2611770547,0.7561680043,0.7104488927,0.5209411543,0.3409561133
,0.5333720041,0.364465375,0.2910542487,0.7837557887,0.966127059,0.9645112402,0.6274609664,0.2717517254,0.2910542487
,0.8457208974,0.8774343261,0.7649901821,0.8167848102,0.8571313431,0.9285605474,0.270449942,0.2805033675,0.7649901821
,0.7984571126,0.3411698533,0.4374527936,0.7166623843,0.08567116684,0.7682317735,0.96833506,0.3378496525,0.4374527936
,0.3408496564,0.8028301107,0.4937169743,0.9587733565,0.8486510611,0.893813747,0.1281145086,0.9280871748,0.4937169743
,0.8670180577,0.6201750981,0.4351820235,0.7778790931,0.04983035648,0.04332648867,0.4454085272,0.7318374788,0.4351820235
,0.7303958078,0.0732447677,0.5353312518,0.5757761051,0.7656895128,0.9745663315,0.3283969573,0.1529009117,0.5353312518
,0.3278729715,0.8659537683,0.07074417939,0.6640553045,0.6922507058,0.5359258126,0.8101839415,0.944542642,0.07074417939
,0.2175491821,0.8199557139,0.01151825328,0.3185679138,0.9647192668,0.96114045,0.8315333259,0.1461329781,0.01151825328
,0.7398753498,0.8645902421,0.9948307823,0.9833962255,0.540269226,0.5865444281,0.8843150492,0.3886709872,0.9948307823
,0.2048809069,0.02319945063,0.05448949046,0.2837883912,0.0278907526,0.3398140018,0.2824875153,0.6768808499,0.05448949046
,0.6879063309,0.7764649264,0.4456893393,0.1456054556,0.5761488386,0.5888590412,0.7978573079,0.884613179,0.4456893393
,0.5953945213,0.6437037973,0.4994111483,0.7051072936,0.3299272499,0.257576968,0.9793412232,0.5720802275,0.4994111483
,0.4679324598,0.567163181,0.162486729,0.6892379964,0.91617461,0.5175944353,0.1202644888,0.7844849617,0.162486729
,0.2055517884,0.1351517206,0.1360849266,0.5464122438,0.9635626296,0.2217628543,0.2524108725,0.5025842977,0.1360849266
,0.1306542705,0.3016071233,0.6755347303,0.06686368311,0.2731020005,0.5581669029,0.3931889234,0.8707907812,0.6755347303
,0.2682743585,0.2111910728,0.01789154786,0.6785229217,0.7317113652,0.3601747267,0.02995018641,0.2386702959,0.01789154786
,0.5179836435,0.04569285015,0.6698154708,0.900860936,0.8672715683,0.4010566883,0.8850127692,0.6376464927,0.6698154708
,0.6744739755,0.7598189649,0.3329225632,0.5279250461,0.5410140847,0.5656350656,0.3626844509,0.9108896859,0.3329225632
,0.008729832854,0.02781573969,0.5495063922,0.8095025772,0.8845236901,0.2274928986,0.911960127,0.478073461,0.5495063922
,0.6141951772,0.1938319579,0.6580417388,0.05979131938,0.6389952163,0.585663833,0.183317525,0.6918356347,0.6580417388
,0.9777655618,0.9432150872,0.9781051598,0.3157032216,0.4466204395,0.4945049791,0.1894934534,0.04818021094,0.9781051598
,0.8409736035,0.6393642892,0.4055882776,0.9842480264,0.2697485437,0.707485204,0.5856247707,0.8934612089,0.4055882776
,0.1667803181,0.8575752405,0.7783626607,0.7426939643,0.4608394526,0.1831690375,0.8172438223,0.9676460716,0.7783626607
,0.9004024089,0.2080306046,0.8769462047,0.9874628153,0.4466508176,0.04191497857,0.5897409898,0.9923012428,0.8769462047
,0.8865801286,0.900164592,0.5987422067,0.6971665795,0.2952591621,0.4822772222,0.384593498,0.5272631975,0.5987422067
,0.3879176524,0.106418054,0.3277620788,0.217553913,0.2927898202,0.984895582,0.3065903294,0.08746194935,0.3277620788
,0.01470416243,0.6952362233,0.5918574946,0.9881607534,0.4273834144,0.8908766034,0.5827298687,0.1116962356,0.5918574946
,0.9800928391,0.6160800664,0.6748326442,0.8763114884,0.3401503204,0.487404964,0.887783239,0.8465551135,0.6748326442
,0.3337213072,0.4245854116,0.6117432885,0.0480950946,0.5254192439,0.3092338568,0.6899052973,0.1842790943,0.6117432885
,0.5137811261,0.5560913111,0.111360421,0.5549122366,0.03857515808,0.5949295464,0.8322909926,0.9827482088,0.111360421
,0.7626388367,0.2520694326,0.180454367,0.951690281,0.6298521372,0.8927262458,0.4740240221,0.4176566063,0.180454367
,0.4606435771,0.9188248164,0.7002728062,0.4257030369,0.6584297003,0.9252907618,0.474248927,0.6585385142,0.7002728062
,0.2759696116,0.07742490096,0.4630624585,0.481791275,0.5409723481,0.732759851,0.841670146,0.5583398413,0.4630624585
,0.5002125739,0.06997945128,0.5676269404,0.88011613,0.6019412327,0.4838584841,0.5756541535,0.1523684116,0.5676269404
,0.763611821,0.7736268901,0.4394513052,0.8028411733,0.3155695037,0.9407674202,0.9132952526,0.9755979828,0.4394513052
,0.5687909285,0.5199636264,0.2809096108,0.04910999068,0.6144307364,0.4104553085,0.3437086518,0.4232908081,0.2809096108
,0.1631130171,0.04795403091,0.2903378506,0.7794306782,0.1098953926,0.5052113525,0.8753850962,0.3282527902,0.2903378506
,0.3371906341,0.5213485962,0.3595486075,0.518342862,0.4270479374,0.9018105423,0.2571825675,0.4339492362,0.3595486075
,0.9693174092,0.2473627224,0.09574778928,0.8472712424,0.9498242078,0.598756296,0.7537787446,0.07144295233,0.09574778928
,0.9274504548,0.01393965258,0.1945610235,0.6635864882,0.3079833823,0.94339587,0.3633837106,0.8574151608,0.1945610235
,0.691897951,0.9961143193,0.3519374836,0.3073064364,0.3834264773,0.4867029369,0.2665537154,0.4757322248,0.3519374836
,0.243998619,0.03464379466,0.3464825183,0.3875580707,0.8621560803,0.4478721751,0.1629347496,0.01005749795,0.3464825183
